[2026-09-23 21:47:11] local.ERROR: Class "App\Http\Controllers\Controller" not found {"exception":"[object] (Error(code: 0): Class \"App\\Http\\Controllers\\Controller\" not found at C:/xampp/htdocs/retail-pos-full/app/Http/Controllers/DashboardController.php:4)
[stacktrace]
#0 C:/xampp/htdocs/retail-pos-full/vendor/composer/ClassLoader.php(576): include()
#1 C:/xampp/htdocs/retail-pos-full/vendor/composer/ClassLoader.php(427): Composer/Autoload/{closure}('C://xampp//htdocs...')
#2 [internal function]: Composer/Autoload/ClassLoader->loadClass('App//Http//Contro...')
#3 C:/xampp/htdocs/retail-pos-full/vendor/laravel/framework/src/Illuminate/Routing/Route.php(1125): is_a('App//Http//Contro...', 'Illuminate//Rout...', true)
#4 C:/xampp/htdocs/retail-pos-full/vendor/laravel/framework/src/Illuminate/Routing/Route.php(1062): Illuminate/Routing/Route->controllerMiddleware()
#5 C:/xampp/htdocs/retail-pos-full/vendor/laravel/framework/src/Illuminate/Routing/Router.php(834): Illuminate/Routing/Route->gatherMiddleware()
#6 C:/xampp/htdocs/retail-pos-full/vendor/laravel/framework/src/Illuminate/Routing/Router.php(816): Illuminate/Routing/Router->gatherRouteMiddleware(Object(Illuminate/Routing/Route))
#7 C:/xampp/htdocs/retail-pos-full/vendor/laravel/framework/src/Illuminate/Routing/Router.php(800): Illuminate/Routing/Router->runRouteWithinStack(Object(Illuminate/Routing/Route), Object(Illuminate/Http/Request))
#8 C:/xampp/htdocs/retail-pos-full/vendor/laravel/framework/src/Illuminate/Routing/Router.php(764): Illuminate/Routing/Router->runRoute(Object(Illuminate/Http/Request), Object(Illuminate/Routing/Route))
#9 C:/xampp/htdocs/retail-pos-full/vendor/laravel/framework/src/Illuminate/Routing/Router.php(753): Illuminate/Routing/Router->dispatchToRoute(Object(Illuminate/Http/Request))
#10 C:/xampp/htdocs/retail-pos-full/vendor/laravel/framework/src/Illuminate/Foundation/Http/Kernel.php(200): Illuminate/Routing/Router->dispatch(Object(Illuminate/Http/Request))
#11 C:/xampp/htdocs/retail-pos-full/vendor/laravel/framework/src/Illuminate/Pipeline/Pipeline.php(180): Illuminate/Foundation/Http/Kernel->Illuminate/Foundation/Http/{closure}(Object(Illuminate/Http/Request))
#12 C:/xampp/htdocs/retail-pos-full/vendor/laravel/framework/src/Illuminate/Foundation/Http/Middleware/TransformsRequest.php(21): Illuminate/Pipeline/Pipeline->Illuminate/Pipeline/{closure}(Object(Illuminate/Http/Request))
#13 C:/xampp/htdocs/retail-pos-full/vendor/laravel/framework/src/Illuminate/Foundation/Http/Middleware/ConvertEmptyStringsToNull.php(31): Illuminate/Foundation/Http/Middleware/TransformsRequest->handle(Object(Illuminate/Http/Request), Object(Closure))
#14 C:/xampp/htdocs/retail-pos-full/vendor/laravel/framework/src/Illuminate/Pipeline/Pipeline.php(219): Illuminate/Foundation/Http/Middleware/ConvertEmptyStringsToNull->handle(Object(Illuminate/Http/Request), Object(Closure))
#15 C:/xampp/htdocs/retail-pos-full/vendor/laravel/framework/src/Illuminate/Foundation/Http/Middleware/TransformsRequest.php(21): Illuminate/Pipeline/Pipeline->Illuminate/Pipeline/{closure}(Object(Illuminate/Http/Request))
#16 C:/xampp/htdocs/retail-pos-full/vendor/laravel/framework/src/Illuminate/Foundation/Http/Middleware/TrimStrings.php(51): Illuminate/Foundation/Http/Middleware/TransformsRequest->handle(Object(Illuminate/Http/Request), Object(Closure))
#17 C:/xampp/htdocs/retail-pos-full/vendor/laravel/framework/src/Illuminate/Pipeline/Pipeline.php(219): Illuminate/Foundation/Http/Middleware/TrimStrings->handle(Object(Illuminate/Http/Request), Object(Closure))
#18 C:/xampp/htdocs/retail-pos-full/vendor/laravel/framework/src/Illuminate/Http/Middleware/ValidatePostSize.php(27): Illuminate/Pipeline/Pipeline->Illuminate/Pipeline/{closure}(Object(Illuminate/Http/Request))
#19 C:/xampp/htdocs/retail-pos-full/vendor/laravel/framework/src/Illuminate/Pipeline/Pipeline.php(219): Illuminate/Http/Middleware/ValidatePostSize->handle(Object(Illuminate/Http/Request), Object(Closure))
#20 C:/xampp/htdocs/retail-pos-full/vendor/laravel/framework/src/Illuminate/Foundation/Http/Middleware/PreventRequestsDuringMaintenance.php(109): Illuminate/Pipeline/Pipeline->Illuminate/Pipeline/{closure}(Object(Illuminate/Http/Request))
#21 C:/xampp/htdocs/retail-pos-full/vendor/laravel/framework/src/Illuminate/Pipeline/Pipeline.php(219): Illuminate/Foundation/Http/Middleware/PreventRequestsDuringMaintenance->handle(Object(Illuminate/Http/Request), Object(Closure))
#22 C:/xampp/htdocs/retail-pos-full/vendor/laravel/framework/src/Illuminate/Http/Middleware/HandleCors.php(61): Illuminate/Pipeline/Pipeline->Illuminate/Pipeline/{closure}(Object(Illuminate/Http/Request))
#23 C:/xampp/htdocs/retail-pos-full/vendor/laravel/framework/src/Illuminate/Pipeline/Pipeline.php(219): Illuminate/Http/Middleware/HandleCors->handle(Object(Illuminate/Http/Request), Object(Closure))
#24 C:/xampp/htdocs/retail-pos-full/vendor/laravel/framework/src/Illuminate/Http/Middleware/TrustProxies.php(58): Illuminate/Pipeline/Pipeline->Illuminate/Pipeline/{closure}(Object(Illuminate/Http/Request))
#25 C:/xampp/htdocs/retail-pos-full/vendor/laravel/framework/src/Illuminate/Pipeline/Pipeline.php(219): Illuminate/Http/Middleware/TrustProxies->handle(Object(Illuminate/Http/Request), Object(Closure))
#26 C:/xampp/htdocs/retail-pos-full/vendor/laravel/framework/src/Illuminate/Foundation/Http/Middleware/InvokeDeferredCallbacks.php(22): Illuminate/Pipeline/Pipeline->Illuminate/Pipeline/{closure}(Object(Illuminate/Http/Request))
#27 C:/xampp/htdocs/retail-pos-full/vendor/laravel/framework/src/Illuminate/Pipeline/Pipeline.php(219): Illuminate/Foundation/Http/Middleware/InvokeDeferredCallbacks->handle(Object(Illuminate/Http/Request), Object(Closure))
#28 C:/xampp/htdocs/retail-pos-full/vendor/laravel/framework/src/Illuminate/Http/Middleware/ValidatePathEncoding.php(26): Illuminate/Pipeline/Pipeline->Illuminate/Pipeline/{closure}(Object(Illuminate/Http/Request))
#29 C:/xampp/htdocs/retail-pos-full/vendor/laravel/framework/src/Illuminate/Pipeline/Pipeline.php(219): Illuminate/Http/Middleware/ValidatePathEncoding->handle(Object(Illuminate/Http/Request), Object(Closure))
#30 C:/xampp/htdocs/retail-pos-full/vendor/laravel/framework/src/Illuminate/Pipeline/Pipeline.php(137): Illuminate/Pipeline/Pipeline->Illuminate/Pipeline/{closure}(Object(Illuminate/Http/Request))
#31 C:/xampp/htdocs/retail-pos-full/vendor/laravel/framework/src/Illuminate/Foundation/Http/Kernel.php(175): Illuminate/Pipeline/Pipeline->then(Object(Closure))
#32 C:/xampp/htdocs/retail-pos-full/vendor/laravel/framework/src/Illuminate/Foundation/Http/Kernel.php(144): Illuminate/Foundation/Http/Kernel->sendRequestThroughRouter(Object(Illuminate/Http/Request))
#33 C:/xampp/htdocs/retail-pos-full/vendor/laravel/framework/src/Illuminate/Foundation/Application.php(1220): Illuminate/Foundation/Http/Kernel->handle(Object(Illuminate/Http/Request))
#34 C:/xampp/htdocs/retail-pos-full/public/index.php(4): Illuminate/Foundation/Application->handleRequest(Object(Illuminate/Http/Request))
#35 {main}
"} 
[2026-09-23 21:49:29] local.ERROR: SQLSTATE[42S01]: Base table or view already exists: 1050 Table 'users' already exists (Connection: mysql, Host: 127.0.0.1, Port: 3306, Database: retail_pos, SQL: create table `users` (`id` bigint unsigned not null auto_increment primary key, `name` varchar(255) not null, `email` varchar(255) not null, `password` varchar(255) not null, `role` enum('admin', 'cashier') not null default 'cashier', `active` tinyint(1) not null default '1', `remember_token` varchar(100) null, `created_at` timestamp null, `updated_at` timestamp null) default character set utf8mb4 collate 'utf8mb4_unicode_ci') {"exception":"[object] (Illuminate\\Database\\QueryException(code: 42S01): SQLSTATE[42S01]: Base table or view already exists: 1050 Table 'users' already exists (Connection: mysql, Host: 127.0.0.1, Port: 3306, Database: retail_pos, SQL: create table `users` (`id` bigint unsigned not null auto_increment primary key, `name` varchar(255) not null, `email` varchar(255) not null, `password` varchar(255) not null, `role` enum('admin', 'cashier') not null default 'cashier', `active` tinyint(1) not null default '1', `remember_token` varchar(100) null, `created_at` timestamp null, `updated_at` timestamp null) default character set utf8mb4 collate 'utf8mb4_unicode_ci') at C:/xampp/htdocs/retail-pos-full/vendor/laravel/framework/src/Illuminate/Database/Connection.php:838)
[stacktrace]
#0 C:/xampp/htdocs/retail-pos-full/vendor/laravel/framework/src/Illuminate/Database/Connection.php(794): Illuminate/Database/Connection->runQueryCallback('create table `u...', Array, Object(Closure))
#1 C:/xampp/htdocs/retail-pos-full/vendor/laravel/framework/src/Illuminate/Database/Connection.php(573): Illuminate/Database/Connection->run('create table `u...', Array, Object(Closure))
#2 C:/xampp/htdocs/retail-pos-full/vendor/laravel/framework/src/Illuminate/Database/Schema/Blueprint.php(121): Illuminate/Database/Connection->statement('create table `u...')
#3 C:/xampp/htdocs/retail-pos-full/vendor/laravel/framework/src/Illuminate/Database/Schema/Builder.php(686): Illuminate/Database/Schema/Blueprint->build()
#4 C:/xampp/htdocs/retail-pos-full/vendor/laravel/framework/src/Illuminate/Database/Schema/Builder.php(506): Illuminate/Database/Schema/Builder->build(Object(Illuminate/Database/Schema/Blueprint))
#5 C:/xampp/htdocs/retail-pos-full/vendor/laravel/framework/src/Illuminate/Support/Facades/Facade.php(363): Illuminate/Database/Schema/Builder->create('users', Object(Closure))
#6 C:/xampp/htdocs/retail-pos-full/database/migrations/0001_01_01_000000_create_users_table.php(3): Illuminate/Support/Facades/Facade::__callStatic('create', Array)
#7 C:/xampp/htdocs/retail-pos-full/vendor/laravel/framework/src/Illuminate/Database/Migrations/Migrator.php(517): Illuminate/Database/Migrations/Migration@anonymous->up()
#8 C:/xampp/htdocs/retail-pos-full/vendor/laravel/framework/src/Illuminate/Database/Migrations/Migrator.php(442): Illuminate/Database/Migrations/Migrator->runMethod(Object(Illuminate/Database/MySqlConnection), Object(Illuminate/Database/Migrations/Migration@anonymous), 'up')
#9 C:/xampp/htdocs/retail-pos-full/vendor/laravel/framework/src/Illuminate/Database/Migrations/Migrator.php(451): Illuminate/Database/Migrations/Migrator->Illuminate/Database/Migrations/{closure}()
#10 C:/xampp/htdocs/retail-pos-full/vendor/laravel/framework/src/Illuminate/Database/Migrations/Migrator.php(253): Illuminate/Database/Migrations/Migrator->runMigration(Object(Illuminate/Database/Migrations/Migration@anonymous), 'up')
#11 C:/xampp/htdocs/retail-pos-full/vendor/laravel/framework/src/Illuminate/Console/View/Components/Task.php(41): Illuminate/Database/Migrations/Migrator->Illuminate/Database/Migrations/{closure}()
#12 C:/xampp/htdocs/retail-pos-full/vendor/laravel/framework/src/Illuminate/Database/Migrations/Migrator.php(814): Illuminate/Console/View/Components/Task->render('0001_01_01_0000...', Object(Closure))
#13 C:/xampp/htdocs/retail-pos-full/vendor/laravel/framework/src/Illuminate/Database/Migrations/Migrator.php(253): Illuminate/Database/Migrations/Migrator->write('Illuminate//Cons...', '0001_01_01_0000...', Object(Closure))
#14 C:/xampp/htdocs/retail-pos-full/vendor/laravel/framework/src/Illuminate/Database/Migrations/Migrator.php(211): Illuminate/Database/Migrations/Migrator->runUp('C://xampp//htdocs...', 1, false)
#15 C:/xampp/htdocs/retail-pos-full/vendor/laravel/framework/src/Illuminate/Database/Migrations/Migrator.php(138): Illuminate/Database/Migrations/Migrator->runPending(Array, Array)
#16 C:/xampp/htdocs/retail-pos-full/vendor/laravel/framework/src/Illuminate/Database/Console/Migrations/MigrateCommand.php(116): Illuminate/Database/Migrations/Migrator->run(Array, Array)
#17 C:/xampp/htdocs/retail-pos-full/vendor/laravel/framework/src/Illuminate/Database/Migrations/Migrator.php(671): Illuminate/Database/Console/Migrations/MigrateCommand->Illuminate/Database/Console/Migrations/{closure}()
#18 C:/xampp/htdocs/retail-pos-full/vendor/laravel/framework/src/Illuminate/Database/Console/Migrations/MigrateCommand.php(109): Illuminate/Database/Migrations/Migrator->usingConnection(NULL, Object(Closure))
#19 C:/xampp/htdocs/retail-pos-full/vendor/laravel/framework/src/Illuminate/Database/Console/Migrations/MigrateCommand.php(88): Illuminate/Database/Console/Migrations/MigrateCommand->runMigrations()
#20 C:/xampp/htdocs/retail-pos-full/vendor/laravel/framework/src/Illuminate/Container/BoundMethod.php(36): Illuminate/Database/Console/Migrations/MigrateCommand->handle()
#21 C:/xampp/htdocs/retail-pos-full/vendor/laravel/framework/src/Illuminate/Container/Util.php(43): Illuminate/Container/BoundMethod::Illuminate/Container/{closure}()
#22 C:/xampp/htdocs/retail-pos-full/vendor/laravel/framework/src/Illuminate/Container/BoundMethod.php(96): Illuminate/Container/Util::unwrapIfClosure(Object(Closure))
#23 C:/xampp/htdocs/retail-pos-full/vendor/laravel/framework/src/Illuminate/Container/BoundMethod.php(35): Illuminate/Container/BoundMethod::callBoundMethod(Object(Illuminate/Foundation/Application), Array, Object(Closure))
#24 C:/xampp/htdocs/retail-pos-full/vendor/laravel/framework/src/Illuminate/Container/Container.php(799): Illuminate/Container/BoundMethod::call(Object(Illuminate/Foundation/Application), Array, Array, NULL)
#25 C:/xampp/htdocs/retail-pos-full/vendor/laravel/framework/src/Illuminate/Console/Command.php(211): Illuminate/Container/Container->call(Array)
#26 C:/xampp/htdocs/retail-pos-full/vendor/symfony/console/Command/Command.php(341): Illuminate/Console/Command->execute(Object(Symfony/Component/Console/Input/ArgvInput), Object(Illuminate/Console/OutputStyle))
#27 C:/xampp/htdocs/retail-pos-full/vendor/laravel/framework/src/Illuminate/Console/Command.php(180): Symfony/Component/Console/Command/Command->run(Object(Symfony/Component/Console/Input/ArgvInput), Object(Illuminate/Console/OutputStyle))
#28 C:/xampp/htdocs/retail-pos-full/vendor/symfony/console/Application.php(1117): Illuminate/Console/Command->run(Object(Symfony/Component/Console/Input/ArgvInput), Object(Symfony/Component/Console/Output/ConsoleOutput))
#29 C:/xampp/htdocs/retail-pos-full/vendor/symfony/console/Application.php(356): Symfony/Component/Console/Application->doRunCommand(Object(Illuminate/Database/Console/Migrations/MigrateCommand), Object(Symfony/Component/Console/Input/ArgvInput), Object(Symfony/Component/Console/Output/ConsoleOutput))
#30 C:/xampp/htdocs/retail-pos-full/vendor/symfony/console/Application.php(195): Symfony/Component/Console/Application->doRun(Object(Symfony/Component/Console/Input/ArgvInput), Object(Symfony/Component/Console/Output/ConsoleOutput))
#31 C:/xampp/htdocs/retail-pos-full/vendor/laravel/framework/src/Illuminate/Foundation/Console/Kernel.php(198): Symfony/Component/Console/Application->run(Object(Symfony/Component/Console/Input/ArgvInput), Object(Symfony/Component/Console/Output/ConsoleOutput))
#32 C:/xampp/htdocs/retail-pos-full/vendor/laravel/framework/src/Illuminate/Foundation/Application.php(1235): Illuminate/Foundation/Console/Kernel->handle(Object(Symfony/Component/Console/Input/ArgvInput), Object(Symfony/Component/Console/Output/ConsoleOutput))
#33 C:/xampp/htdocs/retail-pos-full/artisan(5): Illuminate/Foundation/Application->handleCommand(Object(Symfony/Component/Console/Input/ArgvInput))
#34 {main}

[previous exception] [object] (PDOException(code: 42S01): SQLSTATE[42S01]: Base table or view already exists: 1050 Table 'users' already exists at C:/xampp/htdocs/retail-pos-full/vendor/laravel/framework/src/Illuminate/Database/Connection.php:584)
[stacktrace]
#0 C:/xampp/htdocs/retail-pos-full/vendor/laravel/framework/src/Illuminate/Database/Connection.php(584): PDOStatement->execute()
#1 C:/xampp/htdocs/retail-pos-full/vendor/laravel/framework/src/Illuminate/Database/Connection.php(827): Illuminate/Database/Connection->Illuminate/Database/{closure}('create table `u...', Array)
#2 C:/xampp/htdocs/retail-pos-full/vendor/laravel/framework/src/Illuminate/Database/Connection.php(794): Illuminate/Database/Connection->runQueryCallback('create table `u...', Array, Object(Closure))
#3 C:/xampp/htdocs/retail-pos-full/vendor/laravel/framework/src/Illuminate/Database/Connection.php(573): Illuminate/Database/Connection->run('create table `u...', Array, Object(Closure))
#4 C:/xampp/htdocs/retail-pos-full/vendor/laravel/framework/src/Illuminate/Database/Schema/Blueprint.php(121): Illuminate/Database/Connection->statement('create table `u...')
#5 C:/xampp/htdocs/retail-pos-full/vendor/laravel/framework/src/Illuminate/Database/Schema/Builder.php(686): Illuminate/Database/Schema/Blueprint->build()
#6 C:/xampp/htdocs/retail-pos-full/vendor/laravel/framework/src/Illuminate/Database/Schema/Builder.php(506): Illuminate/Database/Schema/Builder->build(Object(Illuminate/Database/Schema/Blueprint))
#7 C:/xampp/htdocs/retail-pos-full/vendor/laravel/framework/src/Illuminate/Support/Facades/Facade.php(363): Illuminate/Database/Schema/Builder->create('users', Object(Closure))
#8 C:/xampp/htdocs/retail-pos-full/database/migrations/0001_01_01_000000_create_users_table.php(3): Illuminate/Support/Facades/Facade::__callStatic('create', Array)
#9 C:/xampp/htdocs/retail-pos-full/vendor/laravel/framework/src/Illuminate/Database/Migrations/Migrator.php(517): Illuminate/Database/Migrations/Migration@anonymous->up()
#10 C:/xampp/htdocs/retail-pos-full/vendor/laravel/framework/src/Illuminate/Database/Migrations/Migrator.php(442): Illuminate/Database/Migrations/Migrator->runMethod(Object(Illuminate/Database/MySqlConnection), Object(Illuminate/Database/Migrations/Migration@anonymous), 'up')
#11 C:/xampp/htdocs/retail-pos-full/vendor/laravel/framework/src/Illuminate/Database/Migrations/Migrator.php(451): Illuminate/Database/Migrations/Migrator->Illuminate/Database/Migrations/{closure}()
#12 C:/xampp/htdocs/retail-pos-full/vendor/laravel/framework/src/Illuminate/Database/Migrations/Migrator.php(253): Illuminate/Database/Migrations/Migrator->runMigration(Object(Illuminate/Database/Migrations/Migration@anonymous), 'up')
#13 C:/xampp/htdocs/retail-pos-full/vendor/laravel/framework/src/Illuminate/Console/View/Components/Task.php(41): Illuminate/Database/Migrations/Migrator->Illuminate/Database/Migrations/{closure}()
#14 C:/xampp/htdocs/retail-pos-full/vendor/laravel/framework/src/Illuminate/Database/Migrations/Migrator.php(814): Illuminate/Console/View/Components/Task->render('0001_01_01_0000...', Object(Closure))
#15 C:/xampp/htdocs/retail-pos-full/vendor/laravel/framework/src/Illuminate/Database/Migrations/Migrator.php(253): Illuminate/Database/Migrations/Migrator->write('Illuminate//Cons...', '0001_01_01_0000...', Object(Closure))
#16 C:/xampp/htdocs/retail-pos-full/vendor/laravel/framework/src/Illuminate/Database/Migrations/Migrator.php(211): Illuminate/Database/Migrations/Migrator->runUp('C://xampp//htdocs...', 1, false)
#17 C:/xampp/htdocs/retail-pos-full/vendor/laravel/framework/src/Illuminate/Database/Migrations/Migrator.php(138): Illuminate/Database/Migrations/Migrator->runPending(Array, Array)
#18 C:/xampp/htdocs/retail-pos-full/vendor/laravel/framework/src/Illuminate/Database/Console/Migrations/MigrateCommand.php(116): Illuminate/Database/Migrations/Migrator->run(Array, Array)
#19 C:/xampp/htdocs/retail-pos-full/vendor/laravel/framework/src/Illuminate/Database/Migrations/Migrator.php(671): Illuminate/Database/Console/Migrations/MigrateCommand->Illuminate/Database/Console/Migrations/{closure}()
#20 C:/xampp/htdocs/retail-pos-full/vendor/laravel/framework/src/Illuminate/Database/Console/Migrations/MigrateCommand.php(109): Illuminate/Database/Migrations/Migrator->usingConnection(NULL, Object(Closure))
#21 C:/xampp/htdocs/retail-pos-full/vendor/laravel/framework/src/Illuminate/Database/Console/Migrations/MigrateCommand.php(88): Illuminate/Database/Console/Migrations/MigrateCommand->runMigrations()
#22 C:/xampp/htdocs/retail-pos-full/vendor/laravel/framework/src/Illuminate/Container/BoundMethod.php(36): Illuminate/Database/Console/Migrations/MigrateCommand->handle()
#23 C:/xampp/htdocs/retail-pos-full/vendor/laravel/framework/src/Illuminate/Container/Util.php(43): Illuminate/Container/BoundMethod::Illuminate/Container/{closure}()
#24 C:/xampp/htdocs/retail-pos-full/vendor/laravel/framework/src/Illuminate/Container/BoundMethod.php(96): Illuminate/Container/Util::unwrapIfClosure(Object(Closure))
#25 C:/xampp/htdocs/retail-pos-full/vendor/laravel/framework/src/Illuminate/Container/BoundMethod.php(35): Illuminate/Container/BoundMethod::callBoundMethod(Object(Illuminate/Foundation/Application), Array, Object(Closure))
#26 C:/xampp/htdocs/retail-pos-full/vendor/laravel/framework/src/Illuminate/Container/Container.php(799): Illuminate/Container/BoundMethod::call(Object(Illuminate/Foundation/Application), Array, Array, NULL)
#27 C:/xampp/htdocs/retail-pos-full/vendor/laravel/framework/src/Illuminate/Console/Command.php(211): Illuminate/Container/Container->call(Array)
#28 C:/xampp/htdocs/retail-pos-full/vendor/symfony/console/Command/Command.php(341): Illuminate/Console/Command->execute(Object(Symfony/Component/Console/Input/ArgvInput), Object(Illuminate/Console/OutputStyle))
#29 C:/xampp/htdocs/retail-pos-full/vendor/laravel/framework/src/Illuminate/Console/Command.php(180): Symfony/Component/Console/Command/Command->run(Object(Symfony/Component/Console/Input/ArgvInput), Object(Illuminate/Console/OutputStyle))
#30 C:/xampp/htdocs/retail-pos-full/vendor/symfony/console/Application.php(1117): Illuminate/Console/Command->run(Object(Symfony/Component/Console/Input/ArgvInput), Object(Symfony/Component/Console/Output/ConsoleOutput))
#31 C:/xampp/htdocs/retail-pos-full/vendor/symfony/console/Application.php(356): Symfony/Component/Console/Application->doRunCommand(Object(Illuminate/Database/Console/Migrations/MigrateCommand), Object(Symfony/Component/Console/Input/ArgvInput), Object(Symfony/Component/Console/Output/ConsoleOutput))
#32 C:/xampp/htdocs/retail-pos-full/vendor/symfony/console/Application.php(195): Symfony/Component/Console/Application->doRun(Object(Symfony/Component/Console/Input/ArgvInput), Object(Symfony/Component/Console/Output/ConsoleOutput))
#33 C:/xampp/htdocs/retail-pos-full/vendor/laravel/framework/src/Illuminate/Foundation/Console/Kernel.php(198): Symfony/Component/Console/Application->run(Object(Symfony/Component/Console/Input/ArgvInput), Object(Symfony/Component/Console/Output/ConsoleOutput))
#34 C:/xampp/htdocs/retail-pos-full/vendor/laravel/framework/src/Illuminate/Foundation/Application.php(1235): Illuminate/Foundation/Console/Kernel->handle(Object(Symfony/Component/Console/Input/ArgvInput), Object(Symfony/Component/Console/Output/ConsoleOutput))
#35 C:/xampp/htdocs/retail-pos-full/artisan(5): Illuminate/Foundation/Application->handleCommand(Object(Symfony/Component/Console/Input/ArgvInput))
#36 {main}
"} 
[2026-09-23 22:29:28] local.ERROR: SQLSTATE[42S02]: Base table or view not found: 1146 Table 'retail_pos.roles' doesn't exist (Connection: mysql, Host: 127.0.0.1, Port: 3306, Database: retail_pos, SQL: select * from `roles` order by `name` asc) {"userId":1,"exception":"[object] (Illuminate\\Database\\QueryException(code: 42S02): SQLSTATE[42S02]: Base table or view not found: 1146 Table 'retail_pos.roles' doesn't exist (Connection: mysql, Host: 127.0.0.1, Port: 3306, Database: retail_pos, SQL: select * from `roles` order by `name` asc) at C:/xampp/htdocs/retail-pos-full/vendor/laravel/framework/src/Illuminate/Database/Connection.php:838)
[stacktrace]
#0 C:/xampp/htdocs/retail-pos-full/vendor/laravel/framework/src/Illuminate/Database/Connection.php(794): Illuminate/Database/Connection->runQueryCallback('select * from `...', Array, Object(Closure))
#1 C:/xampp/htdocs/retail-pos-full/vendor/laravel/framework/src/Illuminate/Database/Connection.php(411): Illuminate/Database/Connection->run('select * from `...', Array, Object(Closure))
#2 C:/xampp/htdocs/retail-pos-full/vendor/laravel/framework/src/Illuminate/Database/Query/Builder.php(3505): Illuminate/Database/Connection->select('select * from `...', Array, true)
#3 C:/xampp/htdocs/retail-pos-full/vendor/laravel/framework/src/Illuminate/Database/Query/Builder.php(3490): Illuminate/Database/Query/Builder->runSelect()
#4 C:/xampp/htdocs/retail-pos-full/vendor/laravel/framework/src/Illuminate/Database/Query/Builder.php(4080): Illuminate/Database/Query/Builder->Illuminate/Database/Query/{closure}()
#5 C:/xampp/htdocs/retail-pos-full/vendor/laravel/framework/src/Illuminate/Database/Query/Builder.php(3489): Illuminate/Database/Query/Builder->onceWithColumns(Array, Object(Closure))
#6 C:/xampp/htdocs/retail-pos-full/vendor/laravel/framework/src/Illuminate/Database/Eloquent/Builder.php(902): Illuminate/Database/Query/Builder->get(Array)
#7 C:/xampp/htdocs/retail-pos-full/vendor/laravel/framework/src/Illuminate/Database/Eloquent/Builder.php(884): Illuminate/Database/Eloquent/Builder->getModels(Array)
#8 C:/xampp/htdocs/retail-pos-full/app/Http/Controllers/UserManagementController.php(12): Illuminate/Database/Eloquent/Builder->get()
#9 C:/xampp/htdocs/retail-pos-full/vendor/laravel/framework/src/Illuminate/Routing/ControllerDispatcher.php(46): App/Http/Controllers/UserManagementController->index(Object(Illuminate/Http/Request))
#10 C:/xampp/htdocs/retail-pos-full/vendor/laravel/framework/src/Illuminate/Routing/Route.php(265): Illuminate/Routing/ControllerDispatcher->dispatch(Object(Illuminate/Routing/Route), Object(App/Http/Controllers/UserManagementController), 'index')
#11 C:/xampp/htdocs/retail-pos-full/vendor/laravel/framework/src/Illuminate/Routing/Route.php(211): Illuminate/Routing/Route->runController()
#12 C:/xampp/htdocs/retail-pos-full/vendor/laravel/framework/src/Illuminate/Routing/Router.php(822): Illuminate/Routing/Route->run()
#13 C:/xampp/htdocs/retail-pos-full/vendor/laravel/framework/src/Illuminate/Pipeline/Pipeline.php(180): Illuminate/Routing/Router->Illuminate/Routing/{closure}(Object(Illuminate/Http/Request))
#14 C:/xampp/htdocs/retail-pos-full/app/Http/Middleware/PermissionMiddleware.php(12): Illuminate/Pipeline/Pipeline->Illuminate/Pipeline/{closure}(Object(Illuminate/Http/Request))
#15 C:/xampp/htdocs/retail-pos-full/vendor/laravel/framework/src/Illuminate/Pipeline/Pipeline.php(219): App/Http/Middleware/PermissionMiddleware->handle(Object(Illuminate/Http/Request), Object(Closure), 'users.view')
#16 C:/xampp/htdocs/retail-pos-full/vendor/laravel/framework/src/Illuminate/Routing/Middleware/SubstituteBindings.php(50): Illuminate/Pipeline/Pipeline->Illuminate/Pipeline/{closure}(Object(Illuminate/Http/Request))
#17 C:/xampp/htdocs/retail-pos-full/vendor/laravel/framework/src/Illuminate/Pipeline/Pipeline.php(219): Illuminate/Routing/Middleware/SubstituteBindings->handle(Object(Illuminate/Http/Request), Object(Closure))
#18 C:/xampp/htdocs/retail-pos-full/vendor/laravel/framework/src/Illuminate/Auth/Middleware/Authenticate.php(63): Illuminate/Pipeline/Pipeline->Illuminate/Pipeline/{closure}(Object(Illuminate/Http/Request))
#19 C:/xampp/htdocs/retail-pos-full/vendor/laravel/framework/src/Illuminate/Pipeline/Pipeline.php(219): Illuminate/Auth/Middleware/Authenticate->handle(Object(Illuminate/Http/Request), Object(Closure))
#20 C:/xampp/htdocs/retail-pos-full/vendor/laravel/framework/src/Illuminate/Foundation/Http/Middleware/VerifyCsrfToken.php(87): Illuminate/Pipeline/Pipeline->Illuminate/Pipeline/{closure}(Object(Illuminate/Http/Request))
#21 C:/xampp/htdocs/retail-pos-full/vendor/laravel/framework/src/Illuminate/Pipeline/Pipeline.php(219): Illuminate/Foundation/Http/Middleware/VerifyCsrfToken->handle(Object(Illuminate/Http/Request), Object(Closure))
#22 C:/xampp/htdocs/retail-pos-full/vendor/laravel/framework/src/Illuminate/View/Middleware/ShareErrorsFromSession.php(48): Illuminate/Pipeline/Pipeline->Illuminate/Pipeline/{closure}(Object(Illuminate/Http/Request))
#23 C:/xampp/htdocs/retail-pos-full/vendor/laravel/framework/src/Illuminate/Pipeline/Pipeline.php(219): Illuminate/View/Middleware/ShareErrorsFromSession->handle(Object(Illuminate/Http/Request), Object(Closure))
#24 C:/xampp/htdocs/retail-pos-full/vendor/laravel/framework/src/Illuminate/Session/Middleware/StartSession.php(120): Illuminate/Pipeline/Pipeline->Illuminate/Pipeline/{closure}(Object(Illuminate/Http/Request))
#25 C:/xampp/htdocs/retail-pos-full/vendor/laravel/framework/src/Illuminate/Session/Middleware/StartSession.php(63): Illuminate/Session/Middleware/StartSession->handleStatefulRequest(Object(Illuminate/Http/Request), Object(Illuminate/Session/Store), Object(Closure))
#26 C:/xampp/htdocs/retail-pos-full/vendor/laravel/framework/src/Illuminate/Pipeline/Pipeline.php(219): Illuminate/Session/Middleware/StartSession->handle(Object(Illuminate/Http/Request), Object(Closure))
#27 C:/xampp/htdocs/retail-pos-full/vendor/laravel/framework/src/Illuminate/Cookie/Middleware/AddQueuedCookiesToResponse.php(36): Illuminate/Pipeline/Pipeline->Illuminate/Pipeline/{closure}(Object(Illuminate/Http/Request))
#28 C:/xampp/htdocs/retail-pos-full/vendor/laravel/framework/src/Illuminate/Pipeline/Pipeline.php(219): Illuminate/Cookie/Middleware/AddQueuedCookiesToResponse->handle(Object(Illuminate/Http/Request), Object(Closure))
#29 C:/xampp/htdocs/retail-pos-full/vendor/laravel/framework/src/Illuminate/Cookie/Middleware/EncryptCookies.php(74): Illuminate/Pipeline/Pipeline->Illuminate/Pipeline/{closure}(Object(Illuminate/Http/Request))
#30 C:/xampp/htdocs/retail-pos-full/vendor/laravel/framework/src/Illuminate/Pipeline/Pipeline.php(219): Illuminate/Cookie/Middleware/EncryptCookies->handle(Object(Illuminate/Http/Request), Object(Closure))
#31 C:/xampp/htdocs/retail-pos-full/vendor/laravel/framework/src/Illuminate/Pipeline/Pipeline.php(137): Illuminate/Pipeline/Pipeline->Illuminate/Pipeline/{closure}(Object(Illuminate/Http/Request))
#32 C:/xampp/htdocs/retail-pos-full/vendor/laravel/framework/src/Illuminate/Routing/Router.php(821): Illuminate/Pipeline/Pipeline->then(Object(Closure))
#33 C:/xampp/htdocs/retail-pos-full/vendor/laravel/framework/src/Illuminate/Routing/Router.php(800): Illuminate/Routing/Router->runRouteWithinStack(Object(Illuminate/Routing/Route), Object(Illuminate/Http/Request))
#34 C:/xampp/htdocs/retail-pos-full/vendor/laravel/framework/src/Illuminate/Routing/Router.php(764): Illuminate/Routing/Router->runRoute(Object(Illuminate/Http/Request), Object(Illuminate/Routing/Route))
#35 C:/xampp/htdocs/retail-pos-full/vendor/laravel/framework/src/Illuminate/Routing/Router.php(753): Illuminate/Routing/Router->dispatchToRoute(Object(Illuminate/Http/Request))
#36 C:/xampp/htdocs/retail-pos-full/vendor/laravel/framework/src/Illuminate/Foundation/Http/Kernel.php(200): Illuminate/Routing/Router->dispatch(Object(Illuminate/Http/Request))
#37 C:/xampp/htdocs/retail-pos-full/vendor/laravel/framework/src/Illuminate/Pipeline/Pipeline.php(180): Illuminate/Foundation/Http/Kernel->Illuminate/Foundation/Http/{closure}(Object(Illuminate/Http/Request))
#38 C:/xampp/htdocs/retail-pos-full/vendor/laravel/framework/src/Illuminate/Foundation/Http/Middleware/TransformsRequest.php(21): Illuminate/Pipeline/Pipeline->Illuminate/Pipeline/{closure}(Object(Illuminate/Http/Request))
#39 C:/xampp/htdocs/retail-pos-full/vendor/laravel/framework/src/Illuminate/Foundation/Http/Middleware/ConvertEmptyStringsToNull.php(31): Illuminate/Foundation/Http/Middleware/TransformsRequest->handle(Object(Illuminate/Http/Request), Object(Closure))
#40 C:/xampp/htdocs/retail-pos-full/vendor/laravel/framework/src/Illuminate/Pipeline/Pipeline.php(219): Illuminate/Foundation/Http/Middleware/ConvertEmptyStringsToNull->handle(Object(Illuminate/Http/Request), Object(Closure))
#41 C:/xampp/htdocs/retail-pos-full/vendor/laravel/framework/src/Illuminate/Foundation/Http/Middleware/TransformsRequest.php(21): Illuminate/Pipeline/Pipeline->Illuminate/Pipeline/{closure}(Object(Illuminate/Http/Request))
#42 C:/xampp/htdocs/retail-pos-full/vendor/laravel/framework/src/Illuminate/Foundation/Http/Middleware/TrimStrings.php(51): Illuminate/Foundation/Http/Middleware/TransformsRequest->handle(Object(Illuminate/Http/Request), Object(Closure))
#43 C:/xampp/htdocs/retail-pos-full/vendor/laravel/framework/src/Illuminate/Pipeline/Pipeline.php(219): Illuminate/Foundation/Http/Middleware/TrimStrings->handle(Object(Illuminate/Http/Request), Object(Closure))
#44 C:/xampp/htdocs/retail-pos-full/vendor/laravel/framework/src/Illuminate/Http/Middleware/ValidatePostSize.php(27): Illuminate/Pipeline/Pipeline->Illuminate/Pipeline/{closure}(Object(Illuminate/Http/Request))
#45 C:/xampp/htdocs/retail-pos-full/vendor/laravel/framework/src/Illuminate/Pipeline/Pipeline.php(219): Illuminate/Http/Middleware/ValidatePostSize->handle(Object(Illuminate/Http/Request), Object(Closure))
#46 C:/xampp/htdocs/retail-pos-full/vendor/laravel/framework/src/Illuminate/Foundation/Http/Middleware/PreventRequestsDuringMaintenance.php(109): Illuminate/Pipeline/Pipeline->Illuminate/Pipeline/{closure}(Object(Illuminate/Http/Request))
#47 C:/xampp/htdocs/retail-pos-full/vendor/laravel/framework/src/Illuminate/Pipeline/Pipeline.php(219): Illuminate/Foundation/Http/Middleware/PreventRequestsDuringMaintenance->handle(Object(Illuminate/Http/Request), Object(Closure))
#48 C:/xampp/htdocs/retail-pos-full/vendor/laravel/framework/src/Illuminate/Http/Middleware/HandleCors.php(61): Illuminate/Pipeline/Pipeline->Illuminate/Pipeline/{closure}(Object(Illuminate/Http/Request))
#49 C:/xampp/htdocs/retail-pos-full/vendor/laravel/framework/src/Illuminate/Pipeline/Pipeline.php(219): Illuminate/Http/Middleware/HandleCors->handle(Object(Illuminate/Http/Request), Object(Closure))
#50 C:/xampp/htdocs/retail-pos-full/vendor/laravel/framework/src/Illuminate/Http/Middleware/TrustProxies.php(58): Illuminate/Pipeline/Pipeline->Illuminate/Pipeline/{closure}(Object(Illuminate/Http/Request))
#51 C:/xampp/htdocs/retail-pos-full/vendor/laravel/framework/src/Illuminate/Pipeline/Pipeline.php(219): Illuminate/Http/Middleware/TrustProxies->handle(Object(Illuminate/Http/Request), Object(Closure))
#52 C:/xampp/htdocs/retail-pos-full/vendor/laravel/framework/src/Illuminate/Foundation/Http/Middleware/InvokeDeferredCallbacks.php(22): Illuminate/Pipeline/Pipeline->Illuminate/Pipeline/{closure}(Object(Illuminate/Http/Request))
#53 C:/xampp/htdocs/retail-pos-full/vendor/laravel/framework/src/Illuminate/Pipeline/Pipeline.php(219): Illuminate/Foundation/Http/Middleware/InvokeDeferredCallbacks->handle(Object(Illuminate/Http/Request), Object(Closure))
#54 C:/xampp/htdocs/retail-pos-full/vendor/laravel/framework/src/Illuminate/Http/Middleware/ValidatePathEncoding.php(26): Illuminate/Pipeline/Pipeline->Illuminate/Pipeline/{closure}(Object(Illuminate/Http/Request))
#55 C:/xampp/htdocs/retail-pos-full/vendor/laravel/framework/src/Illuminate/Pipeline/Pipeline.php(219): Illuminate/Http/Middleware/ValidatePathEncoding->handle(Object(Illuminate/Http/Request), Object(Closure))
#56 C:/xampp/htdocs/retail-pos-full/vendor/laravel/framework/src/Illuminate/Pipeline/Pipeline.php(137): Illuminate/Pipeline/Pipeline->Illuminate/Pipeline/{closure}(Object(Illuminate/Http/Request))
#57 C:/xampp/htdocs/retail-pos-full/vendor/laravel/framework/src/Illuminate/Foundation/Http/Kernel.php(175): Illuminate/Pipeline/Pipeline->then(Object(Closure))
#58 C:/xampp/htdocs/retail-pos-full/vendor/laravel/framework/src/Illuminate/Foundation/Http/Kernel.php(144): Illuminate/Foundation/Http/Kernel->sendRequestThroughRouter(Object(Illuminate/Http/Request))
#59 C:/xampp/htdocs/retail-pos-full/vendor/laravel/framework/src/Illuminate/Foundation/Application.php(1220): Illuminate/Foundation/Http/Kernel->handle(Object(Illuminate/Http/Request))
#60 C:/xampp/htdocs/retail-pos-full/public/index.php(4): Illuminate/Foundation/Application->handleRequest(Object(Illuminate/Http/Request))
#61 {main}

[previous exception] [object] (PDOException(code: 42S02): SQLSTATE[42S02]: Base table or view not found: 1146 Table 'retail_pos.roles' doesn't exist at C:/xampp/htdocs/retail-pos-full/vendor/laravel/framework/src/Illuminate/Database/Connection.php:420)
[stacktrace]
#0 C:/xampp/htdocs/retail-pos-full/vendor/laravel/framework/src/Illuminate/Database/Connection.php(420): PDO->prepare('select * from `...')
#1 C:/xampp/htdocs/retail-pos-full/vendor/laravel/framework/src/Illuminate/Database/Connection.php(827): Illuminate/Database/Connection->Illuminate/Database/{closure}('select * from `...', Array)
#2 C:/xampp/htdocs/retail-pos-full/vendor/laravel/framework/src/Illuminate/Database/Connection.php(794): Illuminate/Database/Connection->runQueryCallback('select * from `...', Array, Object(Closure))
#3 C:/xampp/htdocs/retail-pos-full/vendor/laravel/framework/src/Illuminate/Database/Connection.php(411): Illuminate/Database/Connection->run('select * from `...', Array, Object(Closure))
#4 C:/xampp/htdocs/retail-pos-full/vendor/laravel/framework/src/Illuminate/Database/Query/Builder.php(3505): Illuminate/Database/Connection->select('select * from `...', Array, true)
#5 C:/xampp/htdocs/retail-pos-full/vendor/laravel/framework/src/Illuminate/Database/Query/Builder.php(3490): Illuminate/Database/Query/Builder->runSelect()
#6 C:/xampp/htdocs/retail-pos-full/vendor/laravel/framework/src/Illuminate/Database/Query/Builder.php(4080): Illuminate/Database/Query/Builder->Illuminate/Database/Query/{closure}()
#7 C:/xampp/htdocs/retail-pos-full/vendor/laravel/framework/src/Illuminate/Database/Query/Builder.php(3489): Illuminate/Database/Query/Builder->onceWithColumns(Array, Object(Closure))
#8 C:/xampp/htdocs/retail-pos-full/vendor/laravel/framework/src/Illuminate/Database/Eloquent/Builder.php(902): Illuminate/Database/Query/Builder->get(Array)
#9 C:/xampp/htdocs/retail-pos-full/vendor/laravel/framework/src/Illuminate/Database/Eloquent/Builder.php(884): Illuminate/Database/Eloquent/Builder->getModels(Array)
#10 C:/xampp/htdocs/retail-pos-full/app/Http/Controllers/UserManagementController.php(12): Illuminate/Database/Eloquent/Builder->get()
#11 C:/xampp/htdocs/retail-pos-full/vendor/laravel/framework/src/Illuminate/Routing/ControllerDispatcher.php(46): App/Http/Controllers/UserManagementController->index(Object(Illuminate/Http/Request))
#12 C:/xampp/htdocs/retail-pos-full/vendor/laravel/framework/src/Illuminate/Routing/Route.php(265): Illuminate/Routing/ControllerDispatcher->dispatch(Object(Illuminate/Routing/Route), Object(App/Http/Controllers/UserManagementController), 'index')
#13 C:/xampp/htdocs/retail-pos-full/vendor/laravel/framework/src/Illuminate/Routing/Route.php(211): Illuminate/Routing/Route->runController()
#14 C:/xampp/htdocs/retail-pos-full/vendor/laravel/framework/src/Illuminate/Routing/Router.php(822): Illuminate/Routing/Route->run()
#15 C:/xampp/htdocs/retail-pos-full/vendor/laravel/framework/src/Illuminate/Pipeline/Pipeline.php(180): Illuminate/Routing/Router->Illuminate/Routing/{closure}(Object(Illuminate/Http/Request))
#16 C:/xampp/htdocs/retail-pos-full/app/Http/Middleware/PermissionMiddleware.php(12): Illuminate/Pipeline/Pipeline->Illuminate/Pipeline/{closure}(Object(Illuminate/Http/Request))
#17 C:/xampp/htdocs/retail-pos-full/vendor/laravel/framework/src/Illuminate/Pipeline/Pipeline.php(219): App/Http/Middleware/PermissionMiddleware->handle(Object(Illuminate/Http/Request), Object(Closure), 'users.view')
#18 C:/xampp/htdocs/retail-pos-full/vendor/laravel/framework/src/Illuminate/Routing/Middleware/SubstituteBindings.php(50): Illuminate/Pipeline/Pipeline->Illuminate/Pipeline/{closure}(Object(Illuminate/Http/Request))
#19 C:/xampp/htdocs/retail-pos-full/vendor/laravel/framework/src/Illuminate/Pipeline/Pipeline.php(219): Illuminate/Routing/Middleware/SubstituteBindings->handle(Object(Illuminate/Http/Request), Object(Closure))
#20 C:/xampp/htdocs/retail-pos-full/vendor/laravel/framework/src/Illuminate/Auth/Middleware/Authenticate.php(63): Illuminate/Pipeline/Pipeline->Illuminate/Pipeline/{closure}(Object(Illuminate/Http/Request))
#21 C:/xampp/htdocs/retail-pos-full/vendor/laravel/framework/src/Illuminate/Pipeline/Pipeline.php(219): Illuminate/Auth/Middleware/Authenticate->handle(Object(Illuminate/Http/Request), Object(Closure))
#22 C:/xampp/htdocs/retail-pos-full/vendor/laravel/framework/src/Illuminate/Foundation/Http/Middleware/VerifyCsrfToken.php(87): Illuminate/Pipeline/Pipeline->Illuminate/Pipeline/{closure}(Object(Illuminate/Http/Request))
#23 C:/xampp/htdocs/retail-pos-full/vendor/laravel/framework/src/Illuminate/Pipeline/Pipeline.php(219): Illuminate/Foundation/Http/Middleware/VerifyCsrfToken->handle(Object(Illuminate/Http/Request), Object(Closure))
#24 C:/xampp/htdocs/retail-pos-full/vendor/laravel/framework/src/Illuminate/View/Middleware/ShareErrorsFromSession.php(48): Illuminate/Pipeline/Pipeline->Illuminate/Pipeline/{closure}(Object(Illuminate/Http/Request))
#25 C:/xampp/htdocs/retail-pos-full/vendor/laravel/framework/src/Illuminate/Pipeline/Pipeline.php(219): Illuminate/View/Middleware/ShareErrorsFromSession->handle(Object(Illuminate/Http/Request), Object(Closure))
#26 C:/xampp/htdocs/retail-pos-full/vendor/laravel/framework/src/Illuminate/Session/Middleware/StartSession.php(120): Illuminate/Pipeline/Pipeline->Illuminate/Pipeline/{closure}(Object(Illuminate/Http/Request))
#27 C:/xampp/htdocs/retail-pos-full/vendor/laravel/framework/src/Illuminate/Session/Middleware/StartSession.php(63): Illuminate/Session/Middleware/StartSession->handleStatefulRequest(Object(Illuminate/Http/Request), Object(Illuminate/Session/Store), Object(Closure))
#28 C:/xampp/htdocs/retail-pos-full/vendor/laravel/framework/src/Illuminate/Pipeline/Pipeline.php(219): Illuminate/Session/Middleware/StartSession->handle(Object(Illuminate/Http/Request), Object(Closure))
#29 C:/xampp/htdocs/retail-pos-full/vendor/laravel/framework/src/Illuminate/Cookie/Middleware/AddQueuedCookiesToResponse.php(36): Illuminate/Pipeline/Pipeline->Illuminate/Pipeline/{closure}(Object(Illuminate/Http/Request))
#30 C:/xampp/htdocs/retail-pos-full/vendor/laravel/framework/src/Illuminate/Pipeline/Pipeline.php(219): Illuminate/Cookie/Middleware/AddQueuedCookiesToResponse->handle(Object(Illuminate/Http/Request), Object(Closure))
#31 C:/xampp/htdocs/retail-pos-full/vendor/laravel/framework/src/Illuminate/Cookie/Middleware/EncryptCookies.php(74): Illuminate/Pipeline/Pipeline->Illuminate/Pipeline/{closure}(Object(Illuminate/Http/Request))
#32 C:/xampp/htdocs/retail-pos-full/vendor/laravel/framework/src/Illuminate/Pipeline/Pipeline.php(219): Illuminate/Cookie/Middleware/EncryptCookies->handle(Object(Illuminate/Http/Request), Object(Closure))
#33 C:/xampp/htdocs/retail-pos-full/vendor/laravel/framework/src/Illuminate/Pipeline/Pipeline.php(137): Illuminate/Pipeline/Pipeline->Illuminate/Pipeline/{closure}(Object(Illuminate/Http/Request))
#34 C:/xampp/htdocs/retail-pos-full/vendor/laravel/framework/src/Illuminate/Routing/Router.php(821): Illuminate/Pipeline/Pipeline->then(Object(Closure))
#35 C:/xampp/htdocs/retail-pos-full/vendor/laravel/framework/src/Illuminate/Routing/Router.php(800): Illuminate/Routing/Router->runRouteWithinStack(Object(Illuminate/Routing/Route), Object(Illuminate/Http/Request))
#36 C:/xampp/htdocs/retail-pos-full/vendor/laravel/framework/src/Illuminate/Routing/Router.php(764): Illuminate/Routing/Router->runRoute(Object(Illuminate/Http/Request), Object(Illuminate/Routing/Route))
#37 C:/xampp/htdocs/retail-pos-full/vendor/laravel/framework/src/Illuminate/Routing/Router.php(753): Illuminate/Routing/Router->dispatchToRoute(Object(Illuminate/Http/Request))
#38 C:/xampp/htdocs/retail-pos-full/vendor/laravel/framework/src/Illuminate/Foundation/Http/Kernel.php(200): Illuminate/Routing/Router->dispatch(Object(Illuminate/Http/Request))
#39 C:/xampp/htdocs/retail-pos-full/vendor/laravel/framework/src/Illuminate/Pipeline/Pipeline.php(180): Illuminate/Foundation/Http/Kernel->Illuminate/Foundation/Http/{closure}(Object(Illuminate/Http/Request))
#40 C:/xampp/htdocs/retail-pos-full/vendor/laravel/framework/src/Illuminate/Foundation/Http/Middleware/TransformsRequest.php(21): Illuminate/Pipeline/Pipeline->Illuminate/Pipeline/{closure}(Object(Illuminate/Http/Request))
#41 C:/xampp/htdocs/retail-pos-full/vendor/laravel/framework/src/Illuminate/Foundation/Http/Middleware/ConvertEmptyStringsToNull.php(31): Illuminate/Foundation/Http/Middleware/TransformsRequest->handle(Object(Illuminate/Http/Request), Object(Closure))
#42 C:/xampp/htdocs/retail-pos-full/vendor/laravel/framework/src/Illuminate/Pipeline/Pipeline.php(219): Illuminate/Foundation/Http/Middleware/ConvertEmptyStringsToNull->handle(Object(Illuminate/Http/Request), Object(Closure))
#43 C:/xampp/htdocs/retail-pos-full/vendor/laravel/framework/src/Illuminate/Foundation/Http/Middleware/TransformsRequest.php(21): Illuminate/Pipeline/Pipeline->Illuminate/Pipeline/{closure}(Object(Illuminate/Http/Request))
#44 C:/xampp/htdocs/retail-pos-full/vendor/laravel/framework/src/Illuminate/Foundation/Http/Middleware/TrimStrings.php(51): Illuminate/Foundation/Http/Middleware/TransformsRequest->handle(Object(Illuminate/Http/Request), Object(Closure))
#45 C:/xampp/htdocs/retail-pos-full/vendor/laravel/framework/src/Illuminate/Pipeline/Pipeline.php(219): Illuminate/Foundation/Http/Middleware/TrimStrings->handle(Object(Illuminate/Http/Request), Object(Closure))
#46 C:/xampp/htdocs/retail-pos-full/vendor/laravel/framework/src/Illuminate/Http/Middleware/ValidatePostSize.php(27): Illuminate/Pipeline/Pipeline->Illuminate/Pipeline/{closure}(Object(Illuminate/Http/Request))
#47 C:/xampp/htdocs/retail-pos-full/vendor/laravel/framework/src/Illuminate/Pipeline/Pipeline.php(219): Illuminate/Http/Middleware/ValidatePostSize->handle(Object(Illuminate/Http/Request), Object(Closure))
#48 C:/xampp/htdocs/retail-pos-full/vendor/laravel/framework/src/Illuminate/Foundation/Http/Middleware/PreventRequestsDuringMaintenance.php(109): Illuminate/Pipeline/Pipeline->Illuminate/Pipeline/{closure}(Object(Illuminate/Http/Request))
#49 C:/xampp/htdocs/retail-pos-full/vendor/laravel/framework/src/Illuminate/Pipeline/Pipeline.php(219): Illuminate/Foundation/Http/Middleware/PreventRequestsDuringMaintenance->handle(Object(Illuminate/Http/Request), Object(Closure))
#50 C:/xampp/htdocs/retail-pos-full/vendor/laravel/framework/src/Illuminate/Http/Middleware/HandleCors.php(61): Illuminate/Pipeline/Pipeline->Illuminate/Pipeline/{closure}(Object(Illuminate/Http/Request))
#51 C:/xampp/htdocs/retail-pos-full/vendor/laravel/framework/src/Illuminate/Pipeline/Pipeline.php(219): Illuminate/Http/Middleware/HandleCors->handle(Object(Illuminate/Http/Request), Object(Closure))
#52 C:/xampp/htdocs/retail-pos-full/vendor/laravel/framework/src/Illuminate/Http/Middleware/TrustProxies.php(58): Illuminate/Pipeline/Pipeline->Illuminate/Pipeline/{closure}(Object(Illuminate/Http/Request))
#53 C:/xampp/htdocs/retail-pos-full/vendor/laravel/framework/src/Illuminate/Pipeline/Pipeline.php(219): Illuminate/Http/Middleware/TrustProxies->handle(Object(Illuminate/Http/Request), Object(Closure))
#54 C:/xampp/htdocs/retail-pos-full/vendor/laravel/framework/src/Illuminate/Foundation/Http/Middleware/InvokeDeferredCallbacks.php(22): Illuminate/Pipeline/Pipeline->Illuminate/Pipeline/{closure}(Object(Illuminate/Http/Request))
#55 C:/xampp/htdocs/retail-pos-full/vendor/laravel/framework/src/Illuminate/Pipeline/Pipeline.php(219): Illuminate/Foundation/Http/Middleware/InvokeDeferredCallbacks->handle(Object(Illuminate/Http/Request), Object(Closure))
#56 C:/xampp/htdocs/retail-pos-full/vendor/laravel/framework/src/Illuminate/Http/Middleware/ValidatePathEncoding.php(26): Illuminate/Pipeline/Pipeline->Illuminate/Pipeline/{closure}(Object(Illuminate/Http/Request))
#57 C:/xampp/htdocs/retail-pos-full/vendor/laravel/framework/src/Illuminate/Pipeline/Pipeline.php(219): Illuminate/Http/Middleware/ValidatePathEncoding->handle(Object(Illuminate/Http/Request), Object(Closure))
#58 C:/xampp/htdocs/retail-pos-full/vendor/laravel/framework/src/Illuminate/Pipeline/Pipeline.php(137): Illuminate/Pipeline/Pipeline->Illuminate/Pipeline/{closure}(Object(Illuminate/Http/Request))
#59 C:/xampp/htdocs/retail-pos-full/vendor/laravel/framework/src/Illuminate/Foundation/Http/Kernel.php(175): Illuminate/Pipeline/Pipeline->then(Object(Closure))
#60 C:/xampp/htdocs/retail-pos-full/vendor/laravel/framework/src/Illuminate/Foundation/Http/Kernel.php(144): Illuminate/Foundation/Http/Kernel->sendRequestThroughRouter(Object(Illuminate/Http/Request))
#61 C:/xampp/htdocs/retail-pos-full/vendor/laravel/framework/src/Illuminate/Foundation/Application.php(1220): Illuminate/Foundation/Http/Kernel->handle(Object(Illuminate/Http/Request))
#62 C:/xampp/htdocs/retail-pos-full/public/index.php(4): Illuminate/Foundation/Application->handleRequest(Object(Illuminate/Http/Request))
#63 {main}
"} 
[2026-09-23 22:44:40] local.ERROR: SQLSTATE[HY000]: General error: 1364 Field 'sku' doesn't have a default value (Connection: mysql, Host: 127.0.0.1, Port: 3306, Database: retail_pos, SQL: insert into `products` (`name`, `category_id`, `brand_id`, `unit`, `purchase_price`, `selling_price`, `wholesale_price`, `current_stock`, `minimum_stock`, `description`, `status`, `image`, `updated_at`, `created_at`) values (Oil 250ml, 1, 1, pcs, 100, 120, 110, 100, 5, Ei ta soyabin tel, active, products/7JSt1nB3r8vcrA4zyjhPRyaSNQLX3K1uT0MhNSDo.jpg, 2026-09-23 22:44:40, 2026-09-23 22:44:40)) {"userId":1,"exception":"[object] (Illuminate\\Database\\QueryException(code: HY000): SQLSTATE[HY000]: General error: 1364 Field 'sku' doesn't have a default value (Connection: mysql, Host: 127.0.0.1, Port: 3306, Database: retail_pos, SQL: insert into `products` (`name`, `category_id`, `brand_id`, `unit`, `purchase_price`, `selling_price`, `wholesale_price`, `current_stock`, `minimum_stock`, `description`, `status`, `image`, `updated_at`, `created_at`) values (Oil 250ml, 1, 1, pcs, 100, 120, 110, 100, 5, Ei ta soyabin tel, active, products/7JSt1nB3r8vcrA4zyjhPRyaSNQLX3K1uT0MhNSDo.jpg, 2026-09-23 22:44:40, 2026-09-23 22:44:40)) at C:/xampp/htdocs/retail-pos-full/vendor/laravel/framework/src/Illuminate/Database/Connection.php:838)
[stacktrace]
#0 C:/xampp/htdocs/retail-pos-full/vendor/laravel/framework/src/Illuminate/Database/Connection.php(794): Illuminate/Database/Connection->runQueryCallback('insert into `pr...', Array, Object(Closure))
#1 C:/xampp/htdocs/retail-pos-full/vendor/laravel/framework/src/Illuminate/Database/MySqlConnection.php(42): Illuminate/Database/Connection->run('insert into `pr...', Array, Object(Closure))
#2 C:/xampp/htdocs/retail-pos-full/vendor/laravel/framework/src/Illuminate/Database/Query/Processors/MySqlProcessor.php(35): Illuminate/Database/MySqlConnection->insert('insert into `pr...', Array, 'id')
#3 C:/xampp/htdocs/retail-pos-full/vendor/laravel/framework/src/Illuminate/Database/Query/Builder.php(4170): Illuminate/Database/Query/Processors/MySqlProcessor->processInsertGetId(Object(Illuminate/Database/Query/Builder), 'insert into `pr...', Array, 'id')
#4 C:/xampp/htdocs/retail-pos-full/vendor/laravel/framework/src/Illuminate/Database/Eloquent/Builder.php(2237): Illuminate/Database/Query/Builder->insertGetId(Array, 'id')
#5 C:/xampp/htdocs/retail-pos-full/vendor/laravel/framework/src/Illuminate/Database/Eloquent/Model.php(1436): Illuminate/Database/Eloquent/Builder->__call('insertGetId', Array)
#6 C:/xampp/htdocs/retail-pos-full/vendor/laravel/framework/src/Illuminate/Database/Eloquent/Model.php(1401): Illuminate/Database/Eloquent/Model->insertAndSetId(Object(Illuminate/Database/Eloquent/Builder), Array)
#7 C:/xampp/htdocs/retail-pos-full/vendor/laravel/framework/src/Illuminate/Database/Eloquent/Model.php(1240): Illuminate/Database/Eloquent/Model->performInsert(Object(Illuminate/Database/Eloquent/Builder))
#8 C:/xampp/htdocs/retail-pos-full/vendor/laravel/framework/src/Illuminate/Database/Eloquent/Builder.php(1219): Illuminate/Database/Eloquent/Model->save()
#9 C:/xampp/htdocs/retail-pos-full/vendor/laravel/framework/src/Illuminate/Support/helpers.php(393): Illuminate/Database/Eloquent/Builder->Illuminate/Database/Eloquent/{closure}(Object(App/Models/Product))
#10 C:/xampp/htdocs/retail-pos-full/vendor/laravel/framework/src/Illuminate/Database/Eloquent/Builder.php(1218): tap(Object(App/Models/Product), Object(Closure))
#11 C:/xampp/htdocs/retail-pos-full/vendor/laravel/framework/src/Illuminate/Support/Traits/ForwardsCalls.php(23): Illuminate/Database/Eloquent/Builder->create(Array)
#12 C:/xampp/htdocs/retail-pos-full/vendor/laravel/framework/src/Illuminate/Database/Eloquent/Model.php(2544): Illuminate/Database/Eloquent/Model->forwardCallTo(Object(Illuminate/Database/Eloquent/Builder), 'create', Array)
#13 C:/xampp/htdocs/retail-pos-full/vendor/laravel/framework/src/Illuminate/Database/Eloquent/Model.php(2560): Illuminate/Database/Eloquent/Model->__call('create', Array)
#14 C:/xampp/htdocs/retail-pos-full/app/Http/Controllers/ProductController.php(6): Illuminate/Database/Eloquent/Model::__callStatic('create', Array)
#15 C:/xampp/htdocs/retail-pos-full/vendor/laravel/framework/src/Illuminate/Routing/ControllerDispatcher.php(46): App/Http/Controllers/ProductController->store(Object(Illuminate/Http/Request))
#16 C:/xampp/htdocs/retail-pos-full/vendor/laravel/framework/src/Illuminate/Routing/Route.php(265): Illuminate/Routing/ControllerDispatcher->dispatch(Object(Illuminate/Routing/Route), Object(App/Http/Controllers/ProductController), 'store')
#17 C:/xampp/htdocs/retail-pos-full/vendor/laravel/framework/src/Illuminate/Routing/Route.php(211): Illuminate/Routing/Route->runController()
#18 C:/xampp/htdocs/retail-pos-full/vendor/laravel/framework/src/Illuminate/Routing/Router.php(822): Illuminate/Routing/Route->run()
#19 C:/xampp/htdocs/retail-pos-full/vendor/laravel/framework/src/Illuminate/Pipeline/Pipeline.php(180): Illuminate/Routing/Router->Illuminate/Routing/{closure}(Object(Illuminate/Http/Request))
#20 C:/xampp/htdocs/retail-pos-full/vendor/laravel/framework/src/Illuminate/Routing/Middleware/SubstituteBindings.php(50): Illuminate/Pipeline/Pipeline->Illuminate/Pipeline/{closure}(Object(Illuminate/Http/Request))
#21 C:/xampp/htdocs/retail-pos-full/vendor/laravel/framework/src/Illuminate/Pipeline/Pipeline.php(219): Illuminate/Routing/Middleware/SubstituteBindings->handle(Object(Illuminate/Http/Request), Object(Closure))
#22 C:/xampp/htdocs/retail-pos-full/vendor/laravel/framework/src/Illuminate/Auth/Middleware/Authenticate.php(63): Illuminate/Pipeline/Pipeline->Illuminate/Pipeline/{closure}(Object(Illuminate/Http/Request))
#23 C:/xampp/htdocs/retail-pos-full/vendor/laravel/framework/src/Illuminate/Pipeline/Pipeline.php(219): Illuminate/Auth/Middleware/Authenticate->handle(Object(Illuminate/Http/Request), Object(Closure))
#24 C:/xampp/htdocs/retail-pos-full/vendor/laravel/framework/src/Illuminate/Foundation/Http/Middleware/VerifyCsrfToken.php(87): Illuminate/Pipeline/Pipeline->Illuminate/Pipeline/{closure}(Object(Illuminate/Http/Request))
#25 C:/xampp/htdocs/retail-pos-full/vendor/laravel/framework/src/Illuminate/Pipeline/Pipeline.php(219): Illuminate/Foundation/Http/Middleware/VerifyCsrfToken->handle(Object(Illuminate/Http/Request), Object(Closure))
#26 C:/xampp/htdocs/retail-pos-full/vendor/laravel/framework/src/Illuminate/View/Middleware/ShareErrorsFromSession.php(48): Illuminate/Pipeline/Pipeline->Illuminate/Pipeline/{closure}(Object(Illuminate/Http/Request))
#27 C:/xampp/htdocs/retail-pos-full/vendor/laravel/framework/src/Illuminate/Pipeline/Pipeline.php(219): Illuminate/View/Middleware/ShareErrorsFromSession->handle(Object(Illuminate/Http/Request), Object(Closure))
#28 C:/xampp/htdocs/retail-pos-full/vendor/laravel/framework/src/Illuminate/Session/Middleware/StartSession.php(120): Illuminate/Pipeline/Pipeline->Illuminate/Pipeline/{closure}(Object(Illuminate/Http/Request))
#29 C:/xampp/htdocs/retail-pos-full/vendor/laravel/framework/src/Illuminate/Session/Middleware/StartSession.php(63): Illuminate/Session/Middleware/StartSession->handleStatefulRequest(Object(Illuminate/Http/Request), Object(Illuminate/Session/Store), Object(Closure))
#30 C:/xampp/htdocs/retail-pos-full/vendor/laravel/framework/src/Illuminate/Pipeline/Pipeline.php(219): Illuminate/Session/Middleware/StartSession->handle(Object(Illuminate/Http/Request), Object(Closure))
#31 C:/xampp/htdocs/retail-pos-full/vendor/laravel/framework/src/Illuminate/Cookie/Middleware/AddQueuedCookiesToResponse.php(36): Illuminate/Pipeline/Pipeline->Illuminate/Pipeline/{closure}(Object(Illuminate/Http/Request))
#32 C:/xampp/htdocs/retail-pos-full/vendor/laravel/framework/src/Illuminate/Pipeline/Pipeline.php(219): Illuminate/Cookie/Middleware/AddQueuedCookiesToResponse->handle(Object(Illuminate/Http/Request), Object(Closure))
#33 C:/xampp/htdocs/retail-pos-full/vendor/laravel/framework/src/Illuminate/Cookie/Middleware/EncryptCookies.php(74): Illuminate/Pipeline/Pipeline->Illuminate/Pipeline/{closure}(Object(Illuminate/Http/Request))
#34 C:/xampp/htdocs/retail-pos-full/vendor/laravel/framework/src/Illuminate/Pipeline/Pipeline.php(219): Illuminate/Cookie/Middleware/EncryptCookies->handle(Object(Illuminate/Http/Request), Object(Closure))
#35 C:/xampp/htdocs/retail-pos-full/vendor/laravel/framework/src/Illuminate/Pipeline/Pipeline.php(137): Illuminate/Pipeline/Pipeline->Illuminate/Pipeline/{closure}(Object(Illuminate/Http/Request))
#36 C:/xampp/htdocs/retail-pos-full/vendor/laravel/framework/src/Illuminate/Routing/Router.php(821): Illuminate/Pipeline/Pipeline->then(Object(Closure))
#37 C:/xampp/htdocs/retail-pos-full/vendor/laravel/framework/src/Illuminate/Routing/Router.php(800): Illuminate/Routing/Router->runRouteWithinStack(Object(Illuminate/Routing/Route), Object(Illuminate/Http/Request))
#38 C:/xampp/htdocs/retail-pos-full/vendor/laravel/framework/src/Illuminate/Routing/Router.php(764): Illuminate/Routing/Router->runRoute(Object(Illuminate/Http/Request), Object(Illuminate/Routing/Route))
#39 C:/xampp/htdocs/retail-pos-full/vendor/laravel/framework/src/Illuminate/Routing/Router.php(753): Illuminate/Routing/Router->dispatchToRoute(Object(Illuminate/Http/Request))
#40 C:/xampp/htdocs/retail-pos-full/vendor/laravel/framework/src/Illuminate/Foundation/Http/Kernel.php(200): Illuminate/Routing/Router->dispatch(Object(Illuminate/Http/Request))
#41 C:/xampp/htdocs/retail-pos-full/vendor/laravel/framework/src/Illuminate/Pipeline/Pipeline.php(180): Illuminate/Foundation/Http/Kernel->Illuminate/Foundation/Http/{closure}(Object(Illuminate/Http/Request))
#42 C:/xampp/htdocs/retail-pos-full/vendor/laravel/framework/src/Illuminate/Foundation/Http/Middleware/TransformsRequest.php(21): Illuminate/Pipeline/Pipeline->Illuminate/Pipeline/{closure}(Object(Illuminate/Http/Request))
#43 C:/xampp/htdocs/retail-pos-full/vendor/laravel/framework/src/Illuminate/Foundation/Http/Middleware/ConvertEmptyStringsToNull.php(31): Illuminate/Foundation/Http/Middleware/TransformsRequest->handle(Object(Illuminate/Http/Request), Object(Closure))
#44 C:/xampp/htdocs/retail-pos-full/vendor/laravel/framework/src/Illuminate/Pipeline/Pipeline.php(219): Illuminate/Foundation/Http/Middleware/ConvertEmptyStringsToNull->handle(Object(Illuminate/Http/Request), Object(Closure))
#45 C:/xampp/htdocs/retail-pos-full/vendor/laravel/framework/src/Illuminate/Foundation/Http/Middleware/TransformsRequest.php(21): Illuminate/Pipeline/Pipeline->Illuminate/Pipeline/{closure}(Object(Illuminate/Http/Request))
#46 C:/xampp/htdocs/retail-pos-full/vendor/laravel/framework/src/Illuminate/Foundation/Http/Middleware/TrimStrings.php(51): Illuminate/Foundation/Http/Middleware/TransformsRequest->handle(Object(Illuminate/Http/Request), Object(Closure))
#47 C:/xampp/htdocs/retail-pos-full/vendor/laravel/framework/src/Illuminate/Pipeline/Pipeline.php(219): Illuminate/Foundation/Http/Middleware/TrimStrings->handle(Object(Illuminate/Http/Request), Object(Closure))
#48 C:/xampp/htdocs/retail-pos-full/vendor/laravel/framework/src/Illuminate/Http/Middleware/ValidatePostSize.php(27): Illuminate/Pipeline/Pipeline->Illuminate/Pipeline/{closure}(Object(Illuminate/Http/Request))
#49 C:/xampp/htdocs/retail-pos-full/vendor/laravel/framework/src/Illuminate/Pipeline/Pipeline.php(219): Illuminate/Http/Middleware/ValidatePostSize->handle(Object(Illuminate/Http/Request), Object(Closure))
#50 C:/xampp/htdocs/retail-pos-full/vendor/laravel/framework/src/Illuminate/Foundation/Http/Middleware/PreventRequestsDuringMaintenance.php(109): Illuminate/Pipeline/Pipeline->Illuminate/Pipeline/{closure}(Object(Illuminate/Http/Request))
#51 C:/xampp/htdocs/retail-pos-full/vendor/laravel/framework/src/Illuminate/Pipeline/Pipeline.php(219): Illuminate/Foundation/Http/Middleware/PreventRequestsDuringMaintenance->handle(Object(Illuminate/Http/Request), Object(Closure))
#52 C:/xampp/htdocs/retail-pos-full/vendor/laravel/framework/src/Illuminate/Http/Middleware/HandleCors.php(61): Illuminate/Pipeline/Pipeline->Illuminate/Pipeline/{closure}(Object(Illuminate/Http/Request))
#53 C:/xampp/htdocs/retail-pos-full/vendor/laravel/framework/src/Illuminate/Pipeline/Pipeline.php(219): Illuminate/Http/Middleware/HandleCors->handle(Object(Illuminate/Http/Request), Object(Closure))
#54 C:/xampp/htdocs/retail-pos-full/vendor/laravel/framework/src/Illuminate/Http/Middleware/TrustProxies.php(58): Illuminate/Pipeline/Pipeline->Illuminate/Pipeline/{closure}(Object(Illuminate/Http/Request))
#55 C:/xampp/htdocs/retail-pos-full/vendor/laravel/framework/src/Illuminate/Pipeline/Pipeline.php(219): Illuminate/Http/Middleware/TrustProxies->handle(Object(Illuminate/Http/Request), Object(Closure))
#56 C:/xampp/htdocs/retail-pos-full/vendor/laravel/framework/src/Illuminate/Foundation/Http/Middleware/InvokeDeferredCallbacks.php(22): Illuminate/Pipeline/Pipeline->Illuminate/Pipeline/{closure}(Object(Illuminate/Http/Request))
#57 C:/xampp/htdocs/retail-pos-full/vendor/laravel/framework/src/Illuminate/Pipeline/Pipeline.php(219): Illuminate/Foundation/Http/Middleware/InvokeDeferredCallbacks->handle(Object(Illuminate/Http/Request), Object(Closure))
#58 C:/xampp/htdocs/retail-pos-full/vendor/laravel/framework/src/Illuminate/Http/Middleware/ValidatePathEncoding.php(26): Illuminate/Pipeline/Pipeline->Illuminate/Pipeline/{closure}(Object(Illuminate/Http/Request))
#59 C:/xampp/htdocs/retail-pos-full/vendor/laravel/framework/src/Illuminate/Pipeline/Pipeline.php(219): Illuminate/Http/Middleware/ValidatePathEncoding->handle(Object(Illuminate/Http/Request), Object(Closure))
#60 C:/xampp/htdocs/retail-pos-full/vendor/laravel/framework/src/Illuminate/Pipeline/Pipeline.php(137): Illuminate/Pipeline/Pipeline->Illuminate/Pipeline/{closure}(Object(Illuminate/Http/Request))
#61 C:/xampp/htdocs/retail-pos-full/vendor/laravel/framework/src/Illuminate/Foundation/Http/Kernel.php(175): Illuminate/Pipeline/Pipeline->then(Object(Closure))
#62 C:/xampp/htdocs/retail-pos-full/vendor/laravel/framework/src/Illuminate/Foundation/Http/Kernel.php(144): Illuminate/Foundation/Http/Kernel->sendRequestThroughRouter(Object(Illuminate/Http/Request))
#63 C:/xampp/htdocs/retail-pos-full/vendor/laravel/framework/src/Illuminate/Foundation/Application.php(1220): Illuminate/Foundation/Http/Kernel->handle(Object(Illuminate/Http/Request))
#64 C:/xampp/htdocs/retail-pos-full/public/index.php(4): Illuminate/Foundation/Application->handleRequest(Object(Illuminate/Http/Request))
#65 {main}

[previous exception] [object] (PDOException(code: HY000): SQLSTATE[HY000]: General error: 1364 Field 'sku' doesn't have a default value at C:/xampp/htdocs/retail-pos-full/vendor/laravel/framework/src/Illuminate/Database/MySqlConnection.php:53)
[stacktrace]
#0 C:/xampp/htdocs/retail-pos-full/vendor/laravel/framework/src/Illuminate/Database/MySqlConnection.php(53): PDOStatement->execute()
#1 C:/xampp/htdocs/retail-pos-full/vendor/laravel/framework/src/Illuminate/Database/Connection.php(827): Illuminate/Database/MySqlConnection->Illuminate/Database/{closure}('insert into `pr...', Array)
#2 C:/xampp/htdocs/retail-pos-full/vendor/laravel/framework/src/Illuminate/Database/Connection.php(794): Illuminate/Database/Connection->runQueryCallback('insert into `pr...', Array, Object(Closure))
#3 C:/xampp/htdocs/retail-pos-full/vendor/laravel/framework/src/Illuminate/Database/MySqlConnection.php(42): Illuminate/Database/Connection->run('insert into `pr...', Array, Object(Closure))
#4 C:/xampp/htdocs/retail-pos-full/vendor/laravel/framework/src/Illuminate/Database/Query/Processors/MySqlProcessor.php(35): Illuminate/Database/MySqlConnection->insert('insert into `pr...', Array, 'id')
#5 C:/xampp/htdocs/retail-pos-full/vendor/laravel/framework/src/Illuminate/Database/Query/Builder.php(4170): Illuminate/Database/Query/Processors/MySqlProcessor->processInsertGetId(Object(Illuminate/Database/Query/Builder), 'insert into `pr...', Array, 'id')
#6 C:/xampp/htdocs/retail-pos-full/vendor/laravel/framework/src/Illuminate/Database/Eloquent/Builder.php(2237): Illuminate/Database/Query/Builder->insertGetId(Array, 'id')
#7 C:/xampp/htdocs/retail-pos-full/vendor/laravel/framework/src/Illuminate/Database/Eloquent/Model.php(1436): Illuminate/Database/Eloquent/Builder->__call('insertGetId', Array)
#8 C:/xampp/htdocs/retail-pos-full/vendor/laravel/framework/src/Illuminate/Database/Eloquent/Model.php(1401): Illuminate/Database/Eloquent/Model->insertAndSetId(Object(Illuminate/Database/Eloquent/Builder), Array)
#9 C:/xampp/htdocs/retail-pos-full/vendor/laravel/framework/src/Illuminate/Database/Eloquent/Model.php(1240): Illuminate/Database/Eloquent/Model->performInsert(Object(Illuminate/Database/Eloquent/Builder))
#10 C:/xampp/htdocs/retail-pos-full/vendor/laravel/framework/src/Illuminate/Database/Eloquent/Builder.php(1219): Illuminate/Database/Eloquent/Model->save()
#11 C:/xampp/htdocs/retail-pos-full/vendor/laravel/framework/src/Illuminate/Support/helpers.php(393): Illuminate/Database/Eloquent/Builder->Illuminate/Database/Eloquent/{closure}(Object(App/Models/Product))
#12 C:/xampp/htdocs/retail-pos-full/vendor/laravel/framework/src/Illuminate/Database/Eloquent/Builder.php(1218): tap(Object(App/Models/Product), Object(Closure))
#13 C:/xampp/htdocs/retail-pos-full/vendor/laravel/framework/src/Illuminate/Support/Traits/ForwardsCalls.php(23): Illuminate/Database/Eloquent/Builder->create(Array)
#14 C:/xampp/htdocs/retail-pos-full/vendor/laravel/framework/src/Illuminate/Database/Eloquent/Model.php(2544): Illuminate/Database/Eloquent/Model->forwardCallTo(Object(Illuminate/Database/Eloquent/Builder), 'create', Array)
#15 C:/xampp/htdocs/retail-pos-full/vendor/laravel/framework/src/Illuminate/Database/Eloquent/Model.php(2560): Illuminate/Database/Eloquent/Model->__call('create', Array)
#16 C:/xampp/htdocs/retail-pos-full/app/Http/Controllers/ProductController.php(6): Illuminate/Database/Eloquent/Model::__callStatic('create', Array)
#17 C:/xampp/htdocs/retail-pos-full/vendor/laravel/framework/src/Illuminate/Routing/ControllerDispatcher.php(46): App/Http/Controllers/ProductController->store(Object(Illuminate/Http/Request))
#18 C:/xampp/htdocs/retail-pos-full/vendor/laravel/framework/src/Illuminate/Routing/Route.php(265): Illuminate/Routing/ControllerDispatcher->dispatch(Object(Illuminate/Routing/Route), Object(App/Http/Controllers/ProductController), 'store')
#19 C:/xampp/htdocs/retail-pos-full/vendor/laravel/framework/src/Illuminate/Routing/Route.php(211): Illuminate/Routing/Route->runController()
#20 C:/xampp/htdocs/retail-pos-full/vendor/laravel/framework/src/Illuminate/Routing/Router.php(822): Illuminate/Routing/Route->run()
#21 C:/xampp/htdocs/retail-pos-full/vendor/laravel/framework/src/Illuminate/Pipeline/Pipeline.php(180): Illuminate/Routing/Router->Illuminate/Routing/{closure}(Object(Illuminate/Http/Request))
#22 C:/xampp/htdocs/retail-pos-full/vendor/laravel/framework/src/Illuminate/Routing/Middleware/SubstituteBindings.php(50): Illuminate/Pipeline/Pipeline->Illuminate/Pipeline/{closure}(Object(Illuminate/Http/Request))
#23 C:/xampp/htdocs/retail-pos-full/vendor/laravel/framework/src/Illuminate/Pipeline/Pipeline.php(219): Illuminate/Routing/Middleware/SubstituteBindings->handle(Object(Illuminate/Http/Request), Object(Closure))
#24 C:/xampp/htdocs/retail-pos-full/vendor/laravel/framework/src/Illuminate/Auth/Middleware/Authenticate.php(63): Illuminate/Pipeline/Pipeline->Illuminate/Pipeline/{closure}(Object(Illuminate/Http/Request))
#25 C:/xampp/htdocs/retail-pos-full/vendor/laravel/framework/src/Illuminate/Pipeline/Pipeline.php(219): Illuminate/Auth/Middleware/Authenticate->handle(Object(Illuminate/Http/Request), Object(Closure))
#26 C:/xampp/htdocs/retail-pos-full/vendor/laravel/framework/src/Illuminate/Foundation/Http/Middleware/VerifyCsrfToken.php(87): Illuminate/Pipeline/Pipeline->Illuminate/Pipeline/{closure}(Object(Illuminate/Http/Request))
#27 C:/xampp/htdocs/retail-pos-full/vendor/laravel/framework/src/Illuminate/Pipeline/Pipeline.php(219): Illuminate/Foundation/Http/Middleware/VerifyCsrfToken->handle(Object(Illuminate/Http/Request), Object(Closure))
#28 C:/xampp/htdocs/retail-pos-full/vendor/laravel/framework/src/Illuminate/View/Middleware/ShareErrorsFromSession.php(48): Illuminate/Pipeline/Pipeline->Illuminate/Pipeline/{closure}(Object(Illuminate/Http/Request))
#29 C:/xampp/htdocs/retail-pos-full/vendor/laravel/framework/src/Illuminate/Pipeline/Pipeline.php(219): Illuminate/View/Middleware/ShareErrorsFromSession->handle(Object(Illuminate/Http/Request), Object(Closure))
#30 C:/xampp/htdocs/retail-pos-full/vendor/laravel/framework/src/Illuminate/Session/Middleware/StartSession.php(120): Illuminate/Pipeline/Pipeline->Illuminate/Pipeline/{closure}(Object(Illuminate/Http/Request))
#31 C:/xampp/htdocs/retail-pos-full/vendor/laravel/framework/src/Illuminate/Session/Middleware/StartSession.php(63): Illuminate/Session/Middleware/StartSession->handleStatefulRequest(Object(Illuminate/Http/Request), Object(Illuminate/Session/Store), Object(Closure))
#32 C:/xampp/htdocs/retail-pos-full/vendor/laravel/framework/src/Illuminate/Pipeline/Pipeline.php(219): Illuminate/Session/Middleware/StartSession->handle(Object(Illuminate/Http/Request), Object(Closure))
#33 C:/xampp/htdocs/retail-pos-full/vendor/laravel/framework/src/Illuminate/Cookie/Middleware/AddQueuedCookiesToResponse.php(36): Illuminate/Pipeline/Pipeline->Illuminate/Pipeline/{closure}(Object(Illuminate/Http/Request))
#34 C:/xampp/htdocs/retail-pos-full/vendor/laravel/framework/src/Illuminate/Pipeline/Pipeline.php(219): Illuminate/Cookie/Middleware/AddQueuedCookiesToResponse->handle(Object(Illuminate/Http/Request), Object(Closure))
#35 C:/xampp/htdocs/retail-pos-full/vendor/laravel/framework/src/Illuminate/Cookie/Middleware/EncryptCookies.php(74): Illuminate/Pipeline/Pipeline->Illuminate/Pipeline/{closure}(Object(Illuminate/Http/Request))
#36 C:/xampp/htdocs/retail-pos-full/vendor/laravel/framework/src/Illuminate/Pipeline/Pipeline.php(219): Illuminate/Cookie/Middleware/EncryptCookies->handle(Object(Illuminate/Http/Request), Object(Closure))
#37 C:/xampp/htdocs/retail-pos-full/vendor/laravel/framework/src/Illuminate/Pipeline/Pipeline.php(137): Illuminate/Pipeline/Pipeline->Illuminate/Pipeline/{closure}(Object(Illuminate/Http/Request))
#38 C:/xampp/htdocs/retail-pos-full/vendor/laravel/framework/src/Illuminate/Routing/Router.php(821): Illuminate/Pipeline/Pipeline->then(Object(Closure))
#39 C:/xampp/htdocs/retail-pos-full/vendor/laravel/framework/src/Illuminate/Routing/Router.php(800): Illuminate/Routing/Router->runRouteWithinStack(Object(Illuminate/Routing/Route), Object(Illuminate/Http/Request))
#40 C:/xampp/htdocs/retail-pos-full/vendor/laravel/framework/src/Illuminate/Routing/Router.php(764): Illuminate/Routing/Router->runRoute(Object(Illuminate/Http/Request), Object(Illuminate/Routing/Route))
#41 C:/xampp/htdocs/retail-pos-full/vendor/laravel/framework/src/Illuminate/Routing/Router.php(753): Illuminate/Routing/Router->dispatchToRoute(Object(Illuminate/Http/Request))
#42 C:/xampp/htdocs/retail-pos-full/vendor/laravel/framework/src/Illuminate/Foundation/Http/Kernel.php(200): Illuminate/Routing/Router->dispatch(Object(Illuminate/Http/Request))
#43 C:/xampp/htdocs/retail-pos-full/vendor/laravel/framework/src/Illuminate/Pipeline/Pipeline.php(180): Illuminate/Foundation/Http/Kernel->Illuminate/Foundation/Http/{closure}(Object(Illuminate/Http/Request))
#44 C:/xampp/htdocs/retail-pos-full/vendor/laravel/framework/src/Illuminate/Foundation/Http/Middleware/TransformsRequest.php(21): Illuminate/Pipeline/Pipeline->Illuminate/Pipeline/{closure}(Object(Illuminate/Http/Request))
#45 C:/xampp/htdocs/retail-pos-full/vendor/laravel/framework/src/Illuminate/Foundation/Http/Middleware/ConvertEmptyStringsToNull.php(31): Illuminate/Foundation/Http/Middleware/TransformsRequest->handle(Object(Illuminate/Http/Request), Object(Closure))
#46 C:/xampp/htdocs/retail-pos-full/vendor/laravel/framework/src/Illuminate/Pipeline/Pipeline.php(219): Illuminate/Foundation/Http/Middleware/ConvertEmptyStringsToNull->handle(Object(Illuminate/Http/Request), Object(Closure))
#47 C:/xampp/htdocs/retail-pos-full/vendor/laravel/framework/src/Illuminate/Foundation/Http/Middleware/TransformsRequest.php(21): Illuminate/Pipeline/Pipeline->Illuminate/Pipeline/{closure}(Object(Illuminate/Http/Request))
#48 C:/xampp/htdocs/retail-pos-full/vendor/laravel/framework/src/Illuminate/Foundation/Http/Middleware/TrimStrings.php(51): Illuminate/Foundation/Http/Middleware/TransformsRequest->handle(Object(Illuminate/Http/Request), Object(Closure))
#49 C:/xampp/htdocs/retail-pos-full/vendor/laravel/framework/src/Illuminate/Pipeline/Pipeline.php(219): Illuminate/Foundation/Http/Middleware/TrimStrings->handle(Object(Illuminate/Http/Request), Object(Closure))
#50 C:/xampp/htdocs/retail-pos-full/vendor/laravel/framework/src/Illuminate/Http/Middleware/ValidatePostSize.php(27): Illuminate/Pipeline/Pipeline->Illuminate/Pipeline/{closure}(Object(Illuminate/Http/Request))
#51 C:/xampp/htdocs/retail-pos-full/vendor/laravel/framework/src/Illuminate/Pipeline/Pipeline.php(219): Illuminate/Http/Middleware/ValidatePostSize->handle(Object(Illuminate/Http/Request), Object(Closure))
#52 C:/xampp/htdocs/retail-pos-full/vendor/laravel/framework/src/Illuminate/Foundation/Http/Middleware/PreventRequestsDuringMaintenance.php(109): Illuminate/Pipeline/Pipeline->Illuminate/Pipeline/{closure}(Object(Illuminate/Http/Request))
#53 C:/xampp/htdocs/retail-pos-full/vendor/laravel/framework/src/Illuminate/Pipeline/Pipeline.php(219): Illuminate/Foundation/Http/Middleware/PreventRequestsDuringMaintenance->handle(Object(Illuminate/Http/Request), Object(Closure))
#54 C:/xampp/htdocs/retail-pos-full/vendor/laravel/framework/src/Illuminate/Http/Middleware/HandleCors.php(61): Illuminate/Pipeline/Pipeline->Illuminate/Pipeline/{closure}(Object(Illuminate/Http/Request))
#55 C:/xampp/htdocs/retail-pos-full/vendor/laravel/framework/src/Illuminate/Pipeline/Pipeline.php(219): Illuminate/Http/Middleware/HandleCors->handle(Object(Illuminate/Http/Request), Object(Closure))
#56 C:/xampp/htdocs/retail-pos-full/vendor/laravel/framework/src/Illuminate/Http/Middleware/TrustProxies.php(58): Illuminate/Pipeline/Pipeline->Illuminate/Pipeline/{closure}(Object(Illuminate/Http/Request))
#57 C:/xampp/htdocs/retail-pos-full/vendor/laravel/framework/src/Illuminate/Pipeline/Pipeline.php(219): Illuminate/Http/Middleware/TrustProxies->handle(Object(Illuminate/Http/Request), Object(Closure))
#58 C:/xampp/htdocs/retail-pos-full/vendor/laravel/framework/src/Illuminate/Foundation/Http/Middleware/InvokeDeferredCallbacks.php(22): Illuminate/Pipeline/Pipeline->Illuminate/Pipeline/{closure}(Object(Illuminate/Http/Request))
#59 C:/xampp/htdocs/retail-pos-full/vendor/laravel/framework/src/Illuminate/Pipeline/Pipeline.php(219): Illuminate/Foundation/Http/Middleware/InvokeDeferredCallbacks->handle(Object(Illuminate/Http/Request), Object(Closure))
#60 C:/xampp/htdocs/retail-pos-full/vendor/laravel/framework/src/Illuminate/Http/Middleware/ValidatePathEncoding.php(26): Illuminate/Pipeline/Pipeline->Illuminate/Pipeline/{closure}(Object(Illuminate/Http/Request))
#61 C:/xampp/htdocs/retail-pos-full/vendor/laravel/framework/src/Illuminate/Pipeline/Pipeline.php(219): Illuminate/Http/Middleware/ValidatePathEncoding->handle(Object(Illuminate/Http/Request), Object(Closure))
#62 C:/xampp/htdocs/retail-pos-full/vendor/laravel/framework/src/Illuminate/Pipeline/Pipeline.php(137): Illuminate/Pipeline/Pipeline->Illuminate/Pipeline/{closure}(Object(Illuminate/Http/Request))
#63 C:/xampp/htdocs/retail-pos-full/vendor/laravel/framework/src/Illuminate/Foundation/Http/Kernel.php(175): Illuminate/Pipeline/Pipeline->then(Object(Closure))
#64 C:/xampp/htdocs/retail-pos-full/vendor/laravel/framework/src/Illuminate/Foundation/Http/Kernel.php(144): Illuminate/Foundation/Http/Kernel->sendRequestThroughRouter(Object(Illuminate/Http/Request))
#65 C:/xampp/htdocs/retail-pos-full/vendor/laravel/framework/src/Illuminate/Foundation/Application.php(1220): Illuminate/Foundation/Http/Kernel->handle(Object(Illuminate/Http/Request))
#66 C:/xampp/htdocs/retail-pos-full/public/index.php(4): Illuminate/Foundation/Application->handleRequest(Object(Illuminate/Http/Request))
#67 {main}
"} 
[2026-09-24 20:35:22] local.ERROR: Attempt to read property "name" on null (View: C:\xampp\htdocs\retail-pos-full\resources\views\products\barcodes.blade.php) {"userId":1,"exception":"[object] (Illuminate\\View\\ViewException(code: 0): Attempt to read property \"name\" on null (View: C:\\xampp\\htdocs\\retail-pos-full\\resources\\views\\products\\barcodes.blade.php) at C:/xampp/htdocs/retail-pos-full/storage/framework/views/ae383996e58f9ffdc269ac7880ac6ed6.php:4)
[stacktrace]
#0 C:/xampp/htdocs/retail-pos-full/vendor/laravel/framework/src/Illuminate/View/Engines/PhpEngine.php(59): Illuminate/View/Engines/CompilerEngine->handleViewException(Object(ErrorException), 1)
#1 C:/xampp/htdocs/retail-pos-full/vendor/laravel/framework/src/Illuminate/View/Engines/CompilerEngine.php(76): Illuminate/View/Engines/PhpEngine->evaluatePath('C://xampp//htdocs...', Array)
#2 C:/xampp/htdocs/retail-pos-full/vendor/laravel/framework/src/Illuminate/View/View.php(208): Illuminate/View/Engines/CompilerEngine->get('C://xampp//htdocs...', Array)
#3 C:/xampp/htdocs/retail-pos-full/vendor/laravel/framework/src/Illuminate/View/View.php(191): Illuminate/View/View->getContents()
#4 C:/xampp/htdocs/retail-pos-full/vendor/laravel/framework/src/Illuminate/View/View.php(160): Illuminate/View/View->renderContents()
#5 C:/xampp/htdocs/retail-pos-full/vendor/laravel/framework/src/Illuminate/Http/Response.php(78): Illuminate/View/View->render()
#6 C:/xampp/htdocs/retail-pos-full/vendor/laravel/framework/src/Illuminate/Http/Response.php(34): Illuminate/Http/Response->setContent(Object(Illuminate/View/View))
#7 C:/xampp/htdocs/retail-pos-full/vendor/laravel/framework/src/Illuminate/Routing/Router.php(939): Illuminate/Http/Response->__construct(Object(Illuminate/View/View), 200, Array)
#8 C:/xampp/htdocs/retail-pos-full/vendor/laravel/framework/src/Illuminate/Routing/Router.php(906): Illuminate/Routing/Router::toResponse(Object(Illuminate/Http/Request), Object(Illuminate/View/View))
#9 C:/xampp/htdocs/retail-pos-full/vendor/laravel/framework/src/Illuminate/Routing/Router.php(821): Illuminate/Routing/Router->prepareResponse(Object(Illuminate/Http/Request), Object(Illuminate/View/View))
#10 C:/xampp/htdocs/retail-pos-full/vendor/laravel/framework/src/Illuminate/Pipeline/Pipeline.php(180): Illuminate/Routing/Router->Illuminate/Routing/{closure}(Object(Illuminate/Http/Request))
#11 C:/xampp/htdocs/retail-pos-full/vendor/laravel/framework/src/Illuminate/Routing/Middleware/SubstituteBindings.php(50): Illuminate/Pipeline/Pipeline->Illuminate/Pipeline/{closure}(Object(Illuminate/Http/Request))
#12 C:/xampp/htdocs/retail-pos-full/vendor/laravel/framework/src/Illuminate/Pipeline/Pipeline.php(219): Illuminate/Routing/Middleware/SubstituteBindings->handle(Object(Illuminate/Http/Request), Object(Closure))
#13 C:/xampp/htdocs/retail-pos-full/vendor/laravel/framework/src/Illuminate/Auth/Middleware/Authenticate.php(63): Illuminate/Pipeline/Pipeline->Illuminate/Pipeline/{closure}(Object(Illuminate/Http/Request))
#14 C:/xampp/htdocs/retail-pos-full/vendor/laravel/framework/src/Illuminate/Pipeline/Pipeline.php(219): Illuminate/Auth/Middleware/Authenticate->handle(Object(Illuminate/Http/Request), Object(Closure))
#15 C:/xampp/htdocs/retail-pos-full/vendor/laravel/framework/src/Illuminate/Foundation/Http/Middleware/VerifyCsrfToken.php(87): Illuminate/Pipeline/Pipeline->Illuminate/Pipeline/{closure}(Object(Illuminate/Http/Request))
#16 C:/xampp/htdocs/retail-pos-full/vendor/laravel/framework/src/Illuminate/Pipeline/Pipeline.php(219): Illuminate/Foundation/Http/Middleware/VerifyCsrfToken->handle(Object(Illuminate/Http/Request), Object(Closure))
#17 C:/xampp/htdocs/retail-pos-full/vendor/laravel/framework/src/Illuminate/View/Middleware/ShareErrorsFromSession.php(48): Illuminate/Pipeline/Pipeline->Illuminate/Pipeline/{closure}(Object(Illuminate/Http/Request))
#18 C:/xampp/htdocs/retail-pos-full/vendor/laravel/framework/src/Illuminate/Pipeline/Pipeline.php(219): Illuminate/View/Middleware/ShareErrorsFromSession->handle(Object(Illuminate/Http/Request), Object(Closure))
#19 C:/xampp/htdocs/retail-pos-full/vendor/laravel/framework/src/Illuminate/Session/Middleware/StartSession.php(120): Illuminate/Pipeline/Pipeline->Illuminate/Pipeline/{closure}(Object(Illuminate/Http/Request))
#20 C:/xampp/htdocs/retail-pos-full/vendor/laravel/framework/src/Illuminate/Session/Middleware/StartSession.php(63): Illuminate/Session/Middleware/StartSession->handleStatefulRequest(Object(Illuminate/Http/Request), Object(Illuminate/Session/Store), Object(Closure))
#21 C:/xampp/htdocs/retail-pos-full/vendor/laravel/framework/src/Illuminate/Pipeline/Pipeline.php(219): Illuminate/Session/Middleware/StartSession->handle(Object(Illuminate/Http/Request), Object(Closure))
#22 C:/xampp/htdocs/retail-pos-full/vendor/laravel/framework/src/Illuminate/Cookie/Middleware/AddQueuedCookiesToResponse.php(36): Illuminate/Pipeline/Pipeline->Illuminate/Pipeline/{closure}(Object(Illuminate/Http/Request))
#23 C:/xampp/htdocs/retail-pos-full/vendor/laravel/framework/src/Illuminate/Pipeline/Pipeline.php(219): Illuminate/Cookie/Middleware/AddQueuedCookiesToResponse->handle(Object(Illuminate/Http/Request), Object(Closure))
#24 C:/xampp/htdocs/retail-pos-full/vendor/laravel/framework/src/Illuminate/Cookie/Middleware/EncryptCookies.php(74): Illuminate/Pipeline/Pipeline->Illuminate/Pipeline/{closure}(Object(Illuminate/Http/Request))
#25 C:/xampp/htdocs/retail-pos-full/vendor/laravel/framework/src/Illuminate/Pipeline/Pipeline.php(219): Illuminate/Cookie/Middleware/EncryptCookies->handle(Object(Illuminate/Http/Request), Object(Closure))
#26 C:/xampp/htdocs/retail-pos-full/vendor/laravel/framework/src/Illuminate/Pipeline/Pipeline.php(137): Illuminate/Pipeline/Pipeline->Illuminate/Pipeline/{closure}(Object(Illuminate/Http/Request))
#27 C:/xampp/htdocs/retail-pos-full/vendor/laravel/framework/src/Illuminate/Routing/Router.php(821): Illuminate/Pipeline/Pipeline->then(Object(Closure))
#28 C:/xampp/htdocs/retail-pos-full/vendor/laravel/framework/src/Illuminate/Routing/Router.php(800): Illuminate/Routing/Router->runRouteWithinStack(Object(Illuminate/Routing/Route), Object(Illuminate/Http/Request))
#29 C:/xampp/htdocs/retail-pos-full/vendor/laravel/framework/src/Illuminate/Routing/Router.php(764): Illuminate/Routing/Router->runRoute(Object(Illuminate/Http/Request), Object(Illuminate/Routing/Route))
#30 C:/xampp/htdocs/retail-pos-full/vendor/laravel/framework/src/Illuminate/Routing/Router.php(753): Illuminate/Routing/Router->dispatchToRoute(Object(Illuminate/Http/Request))
#31 C:/xampp/htdocs/retail-pos-full/vendor/laravel/framework/src/Illuminate/Foundation/Http/Kernel.php(200): Illuminate/Routing/Router->dispatch(Object(Illuminate/Http/Request))
#32 C:/xampp/htdocs/retail-pos-full/vendor/laravel/framework/src/Illuminate/Pipeline/Pipeline.php(180): Illuminate/Foundation/Http/Kernel->Illuminate/Foundation/Http/{closure}(Object(Illuminate/Http/Request))
#33 C:/xampp/htdocs/retail-pos-full/vendor/laravel/framework/src/Illuminate/Foundation/Http/Middleware/TransformsRequest.php(21): Illuminate/Pipeline/Pipeline->Illuminate/Pipeline/{closure}(Object(Illuminate/Http/Request))
#34 C:/xampp/htdocs/retail-pos-full/vendor/laravel/framework/src/Illuminate/Foundation/Http/Middleware/ConvertEmptyStringsToNull.php(31): Illuminate/Foundation/Http/Middleware/TransformsRequest->handle(Object(Illuminate/Http/Request), Object(Closure))
#35 C:/xampp/htdocs/retail-pos-full/vendor/laravel/framework/src/Illuminate/Pipeline/Pipeline.php(219): Illuminate/Foundation/Http/Middleware/ConvertEmptyStringsToNull->handle(Object(Illuminate/Http/Request), Object(Closure))
#36 C:/xampp/htdocs/retail-pos-full/vendor/laravel/framework/src/Illuminate/Foundation/Http/Middleware/TransformsRequest.php(21): Illuminate/Pipeline/Pipeline->Illuminate/Pipeline/{closure}(Object(Illuminate/Http/Request))
#37 C:/xampp/htdocs/retail-pos-full/vendor/laravel/framework/src/Illuminate/Foundation/Http/Middleware/TrimStrings.php(51): Illuminate/Foundation/Http/Middleware/TransformsRequest->handle(Object(Illuminate/Http/Request), Object(Closure))
#38 C:/xampp/htdocs/retail-pos-full/vendor/laravel/framework/src/Illuminate/Pipeline/Pipeline.php(219): Illuminate/Foundation/Http/Middleware/TrimStrings->handle(Object(Illuminate/Http/Request), Object(Closure))
#39 C:/xampp/htdocs/retail-pos-full/vendor/laravel/framework/src/Illuminate/Http/Middleware/ValidatePostSize.php(27): Illuminate/Pipeline/Pipeline->Illuminate/Pipeline/{closure}(Object(Illuminate/Http/Request))
#40 C:/xampp/htdocs/retail-pos-full/vendor/laravel/framework/src/Illuminate/Pipeline/Pipeline.php(219): Illuminate/Http/Middleware/ValidatePostSize->handle(Object(Illuminate/Http/Request), Object(Closure))
#41 C:/xampp/htdocs/retail-pos-full/vendor/laravel/framework/src/Illuminate/Foundation/Http/Middleware/PreventRequestsDuringMaintenance.php(109): Illuminate/Pipeline/Pipeline->Illuminate/Pipeline/{closure}(Object(Illuminate/Http/Request))
#42 C:/xampp/htdocs/retail-pos-full/vendor/laravel/framework/src/Illuminate/Pipeline/Pipeline.php(219): Illuminate/Foundation/Http/Middleware/PreventRequestsDuringMaintenance->handle(Object(Illuminate/Http/Request), Object(Closure))
#43 C:/xampp/htdocs/retail-pos-full/vendor/laravel/framework/src/Illuminate/Http/Middleware/HandleCors.php(61): Illuminate/Pipeline/Pipeline->Illuminate/Pipeline/{closure}(Object(Illuminate/Http/Request))
#44 C:/xampp/htdocs/retail-pos-full/vendor/laravel/framework/src/Illuminate/Pipeline/Pipeline.php(219): Illuminate/Http/Middleware/HandleCors->handle(Object(Illuminate/Http/Request), Object(Closure))
#45 C:/xampp/htdocs/retail-pos-full/vendor/laravel/framework/src/Illuminate/Http/Middleware/TrustProxies.php(58): Illuminate/Pipeline/Pipeline->Illuminate/Pipeline/{closure}(Object(Illuminate/Http/Request))
#46 C:/xampp/htdocs/retail-pos-full/vendor/laravel/framework/src/Illuminate/Pipeline/Pipeline.php(219): Illuminate/Http/Middleware/TrustProxies->handle(Object(Illuminate/Http/Request), Object(Closure))
#47 C:/xampp/htdocs/retail-pos-full/vendor/laravel/framework/src/Illuminate/Foundation/Http/Middleware/InvokeDeferredCallbacks.php(22): Illuminate/Pipeline/Pipeline->Illuminate/Pipeline/{closure}(Object(Illuminate/Http/Request))
#48 C:/xampp/htdocs/retail-pos-full/vendor/laravel/framework/src/Illuminate/Pipeline/Pipeline.php(219): Illuminate/Foundation/Http/Middleware/InvokeDeferredCallbacks->handle(Object(Illuminate/Http/Request), Object(Closure))
#49 C:/xampp/htdocs/retail-pos-full/vendor/laravel/framework/src/Illuminate/Http/Middleware/ValidatePathEncoding.php(26): Illuminate/Pipeline/Pipeline->Illuminate/Pipeline/{closure}(Object(Illuminate/Http/Request))
#50 C:/xampp/htdocs/retail-pos-full/vendor/laravel/framework/src/Illuminate/Pipeline/Pipeline.php(219): Illuminate/Http/Middleware/ValidatePathEncoding->handle(Object(Illuminate/Http/Request), Object(Closure))
#51 C:/xampp/htdocs/retail-pos-full/vendor/laravel/framework/src/Illuminate/Pipeline/Pipeline.php(137): Illuminate/Pipeline/Pipeline->Illuminate/Pipeline/{closure}(Object(Illuminate/Http/Request))
#52 C:/xampp/htdocs/retail-pos-full/vendor/laravel/framework/src/Illuminate/Foundation/Http/Kernel.php(175): Illuminate/Pipeline/Pipeline->then(Object(Closure))
#53 C:/xampp/htdocs/retail-pos-full/vendor/laravel/framework/src/Illuminate/Foundation/Http/Kernel.php(144): Illuminate/Foundation/Http/Kernel->sendRequestThroughRouter(Object(Illuminate/Http/Request))
#54 C:/xampp/htdocs/retail-pos-full/vendor/laravel/framework/src/Illuminate/Foundation/Application.php(1220): Illuminate/Foundation/Http/Kernel->handle(Object(Illuminate/Http/Request))
#55 C:/xampp/htdocs/retail-pos-full/public/index.php(4): Illuminate/Foundation/Application->handleRequest(Object(Illuminate/Http/Request))
#56 {main}

[previous exception] [object] (ErrorException(code: 0): Attempt to read property \"name\" on null at C:/xampp/htdocs/retail-pos-full/storage/framework/views/ae383996e58f9ffdc269ac7880ac6ed6.php:4)
[stacktrace]
#0 C:/xampp/htdocs/retail-pos-full/vendor/laravel/framework/src/Illuminate/Foundation/Bootstrap/HandleExceptions.php(262): Illuminate/Foundation/Bootstrap/HandleExceptions->handleError(2, 'Attempt to read...', 'C://xampp//htdocs...', 4)
#1 C:/xampp/htdocs/retail-pos-full/storage/framework/views/ae383996e58f9ffdc269ac7880ac6ed6.php(4): Illuminate/Foundation/Bootstrap/HandleExceptions->Illuminate/Foundation/Bootstrap/{closure}(2, 'Attempt to read...', 'C://xampp//htdocs...', 4)
#2 C:/xampp/htdocs/retail-pos-full/vendor/laravel/framework/src/Illuminate/Filesystem/Filesystem.php(123): require('C://xampp//htdocs...')
#3 C:/xampp/htdocs/retail-pos-full/vendor/laravel/framework/src/Illuminate/Filesystem/Filesystem.php(124): Illuminate/Filesystem/Filesystem::Illuminate/Filesystem/{closure}()
#4 C:/xampp/htdocs/retail-pos-full/vendor/laravel/framework/src/Illuminate/View/Engines/PhpEngine.php(57): Illuminate/Filesystem/Filesystem->getRequire('C://xampp//htdocs...', Array)
#5 C:/xampp/htdocs/retail-pos-full/vendor/laravel/framework/src/Illuminate/View/Engines/CompilerEngine.php(76): Illuminate/View/Engines/PhpEngine->evaluatePath('C://xampp//htdocs...', Array)
#6 C:/xampp/htdocs/retail-pos-full/vendor/laravel/framework/src/Illuminate/View/View.php(208): Illuminate/View/Engines/CompilerEngine->get('C://xampp//htdocs...', Array)
#7 C:/xampp/htdocs/retail-pos-full/vendor/laravel/framework/src/Illuminate/View/View.php(191): Illuminate/View/View->getContents()
#8 C:/xampp/htdocs/retail-pos-full/vendor/laravel/framework/src/Illuminate/View/View.php(160): Illuminate/View/View->renderContents()
#9 C:/xampp/htdocs/retail-pos-full/vendor/laravel/framework/src/Illuminate/Http/Response.php(78): Illuminate/View/View->render()
#10 C:/xampp/htdocs/retail-pos-full/vendor/laravel/framework/src/Illuminate/Http/Response.php(34): Illuminate/Http/Response->setContent(Object(Illuminate/View/View))
#11 C:/xampp/htdocs/retail-pos-full/vendor/laravel/framework/src/Illuminate/Routing/Router.php(939): Illuminate/Http/Response->__construct(Object(Illuminate/View/View), 200, Array)
#12 C:/xampp/htdocs/retail-pos-full/vendor/laravel/framework/src/Illuminate/Routing/Router.php(906): Illuminate/Routing/Router::toResponse(Object(Illuminate/Http/Request), Object(Illuminate/View/View))
#13 C:/xampp/htdocs/retail-pos-full/vendor/laravel/framework/src/Illuminate/Routing/Router.php(821): Illuminate/Routing/Router->prepareResponse(Object(Illuminate/Http/Request), Object(Illuminate/View/View))
#14 C:/xampp/htdocs/retail-pos-full/vendor/laravel/framework/src/Illuminate/Pipeline/Pipeline.php(180): Illuminate/Routing/Router->Illuminate/Routing/{closure}(Object(Illuminate/Http/Request))
#15 C:/xampp/htdocs/retail-pos-full/vendor/laravel/framework/src/Illuminate/Routing/Middleware/SubstituteBindings.php(50): Illuminate/Pipeline/Pipeline->Illuminate/Pipeline/{closure}(Object(Illuminate/Http/Request))
#16 C:/xampp/htdocs/retail-pos-full/vendor/laravel/framework/src/Illuminate/Pipeline/Pipeline.php(219): Illuminate/Routing/Middleware/SubstituteBindings->handle(Object(Illuminate/Http/Request), Object(Closure))
#17 C:/xampp/htdocs/retail-pos-full/vendor/laravel/framework/src/Illuminate/Auth/Middleware/Authenticate.php(63): Illuminate/Pipeline/Pipeline->Illuminate/Pipeline/{closure}(Object(Illuminate/Http/Request))
#18 C:/xampp/htdocs/retail-pos-full/vendor/laravel/framework/src/Illuminate/Pipeline/Pipeline.php(219): Illuminate/Auth/Middleware/Authenticate->handle(Object(Illuminate/Http/Request), Object(Closure))
#19 C:/xampp/htdocs/retail-pos-full/vendor/laravel/framework/src/Illuminate/Foundation/Http/Middleware/VerifyCsrfToken.php(87): Illuminate/Pipeline/Pipeline->Illuminate/Pipeline/{closure}(Object(Illuminate/Http/Request))
#20 C:/xampp/htdocs/retail-pos-full/vendor/laravel/framework/src/Illuminate/Pipeline/Pipeline.php(219): Illuminate/Foundation/Http/Middleware/VerifyCsrfToken->handle(Object(Illuminate/Http/Request), Object(Closure))
#21 C:/xampp/htdocs/retail-pos-full/vendor/laravel/framework/src/Illuminate/View/Middleware/ShareErrorsFromSession.php(48): Illuminate/Pipeline/Pipeline->Illuminate/Pipeline/{closure}(Object(Illuminate/Http/Request))
#22 C:/xampp/htdocs/retail-pos-full/vendor/laravel/framework/src/Illuminate/Pipeline/Pipeline.php(219): Illuminate/View/Middleware/ShareErrorsFromSession->handle(Object(Illuminate/Http/Request), Object(Closure))
#23 C:/xampp/htdocs/retail-pos-full/vendor/laravel/framework/src/Illuminate/Session/Middleware/StartSession.php(120): Illuminate/Pipeline/Pipeline->Illuminate/Pipeline/{closure}(Object(Illuminate/Http/Request))
#24 C:/xampp/htdocs/retail-pos-full/vendor/laravel/framework/src/Illuminate/Session/Middleware/StartSession.php(63): Illuminate/Session/Middleware/StartSession->handleStatefulRequest(Object(Illuminate/Http/Request), Object(Illuminate/Session/Store), Object(Closure))
#25 C:/xampp/htdocs/retail-pos-full/vendor/laravel/framework/src/Illuminate/Pipeline/Pipeline.php(219): Illuminate/Session/Middleware/StartSession->handle(Object(Illuminate/Http/Request), Object(Closure))
#26 C:/xampp/htdocs/retail-pos-full/vendor/laravel/framework/src/Illuminate/Cookie/Middleware/AddQueuedCookiesToResponse.php(36): Illuminate/Pipeline/Pipeline->Illuminate/Pipeline/{closure}(Object(Illuminate/Http/Request))
#27 C:/xampp/htdocs/retail-pos-full/vendor/laravel/framework/src/Illuminate/Pipeline/Pipeline.php(219): Illuminate/Cookie/Middleware/AddQueuedCookiesToResponse->handle(Object(Illuminate/Http/Request), Object(Closure))
#28 C:/xampp/htdocs/retail-pos-full/vendor/laravel/framework/src/Illuminate/Cookie/Middleware/EncryptCookies.php(74): Illuminate/Pipeline/Pipeline->Illuminate/Pipeline/{closure}(Object(Illuminate/Http/Request))
#29 C:/xampp/htdocs/retail-pos-full/vendor/laravel/framework/src/Illuminate/Pipeline/Pipeline.php(219): Illuminate/Cookie/Middleware/EncryptCookies->handle(Object(Illuminate/Http/Request), Object(Closure))
#30 C:/xampp/htdocs/retail-pos-full/vendor/laravel/framework/src/Illuminate/Pipeline/Pipeline.php(137): Illuminate/Pipeline/Pipeline->Illuminate/Pipeline/{closure}(Object(Illuminate/Http/Request))
#31 C:/xampp/htdocs/retail-pos-full/vendor/laravel/framework/src/Illuminate/Routing/Router.php(821): Illuminate/Pipeline/Pipeline->then(Object(Closure))
#32 C:/xampp/htdocs/retail-pos-full/vendor/laravel/framework/src/Illuminate/Routing/Router.php(800): Illuminate/Routing/Router->runRouteWithinStack(Object(Illuminate/Routing/Route), Object(Illuminate/Http/Request))
#33 C:/xampp/htdocs/retail-pos-full/vendor/laravel/framework/src/Illuminate/Routing/Router.php(764): Illuminate/Routing/Router->runRoute(Object(Illuminate/Http/Request), Object(Illuminate/Routing/Route))
#34 C:/xampp/htdocs/retail-pos-full/vendor/laravel/framework/src/Illuminate/Routing/Router.php(753): Illuminate/Routing/Router->dispatchToRoute(Object(Illuminate/Http/Request))
#35 C:/xampp/htdocs/retail-pos-full/vendor/laravel/framework/src/Illuminate/Foundation/Http/Kernel.php(200): Illuminate/Routing/Router->dispatch(Object(Illuminate/Http/Request))
#36 C:/xampp/htdocs/retail-pos-full/vendor/laravel/framework/src/Illuminate/Pipeline/Pipeline.php(180): Illuminate/Foundation/Http/Kernel->Illuminate/Foundation/Http/{closure}(Object(Illuminate/Http/Request))
#37 C:/xampp/htdocs/retail-pos-full/vendor/laravel/framework/src/Illuminate/Foundation/Http/Middleware/TransformsRequest.php(21): Illuminate/Pipeline/Pipeline->Illuminate/Pipeline/{closure}(Object(Illuminate/Http/Request))
#38 C:/xampp/htdocs/retail-pos-full/vendor/laravel/framework/src/Illuminate/Foundation/Http/Middleware/ConvertEmptyStringsToNull.php(31): Illuminate/Foundation/Http/Middleware/TransformsRequest->handle(Object(Illuminate/Http/Request), Object(Closure))
#39 C:/xampp/htdocs/retail-pos-full/vendor/laravel/framework/src/Illuminate/Pipeline/Pipeline.php(219): Illuminate/Foundation/Http/Middleware/ConvertEmptyStringsToNull->handle(Object(Illuminate/Http/Request), Object(Closure))
#40 C:/xampp/htdocs/retail-pos-full/vendor/laravel/framework/src/Illuminate/Foundation/Http/Middleware/TransformsRequest.php(21): Illuminate/Pipeline/Pipeline->Illuminate/Pipeline/{closure}(Object(Illuminate/Http/Request))
#41 C:/xampp/htdocs/retail-pos-full/vendor/laravel/framework/src/Illuminate/Foundation/Http/Middleware/TrimStrings.php(51): Illuminate/Foundation/Http/Middleware/TransformsRequest->handle(Object(Illuminate/Http/Request), Object(Closure))
#42 C:/xampp/htdocs/retail-pos-full/vendor/laravel/framework/src/Illuminate/Pipeline/Pipeline.php(219): Illuminate/Foundation/Http/Middleware/TrimStrings->handle(Object(Illuminate/Http/Request), Object(Closure))
#43 C:/xampp/htdocs/retail-pos-full/vendor/laravel/framework/src/Illuminate/Http/Middleware/ValidatePostSize.php(27): Illuminate/Pipeline/Pipeline->Illuminate/Pipeline/{closure}(Object(Illuminate/Http/Request))
#44 C:/xampp/htdocs/retail-pos-full/vendor/laravel/framework/src/Illuminate/Pipeline/Pipeline.php(219): Illuminate/Http/Middleware/ValidatePostSize->handle(Object(Illuminate/Http/Request), Object(Closure))
#45 C:/xampp/htdocs/retail-pos-full/vendor/laravel/framework/src/Illuminate/Foundation/Http/Middleware/PreventRequestsDuringMaintenance.php(109): Illuminate/Pipeline/Pipeline->Illuminate/Pipeline/{closure}(Object(Illuminate/Http/Request))
#46 C:/xampp/htdocs/retail-pos-full/vendor/laravel/framework/src/Illuminate/Pipeline/Pipeline.php(219): Illuminate/Foundation/Http/Middleware/PreventRequestsDuringMaintenance->handle(Object(Illuminate/Http/Request), Object(Closure))
#47 C:/xampp/htdocs/retail-pos-full/vendor/laravel/framework/src/Illuminate/Http/Middleware/HandleCors.php(61): Illuminate/Pipeline/Pipeline->Illuminate/Pipeline/{closure}(Object(Illuminate/Http/Request))
#48 C:/xampp/htdocs/retail-pos-full/vendor/laravel/framework/src/Illuminate/Pipeline/Pipeline.php(219): Illuminate/Http/Middleware/HandleCors->handle(Object(Illuminate/Http/Request), Object(Closure))
#49 C:/xampp/htdocs/retail-pos-full/vendor/laravel/framework/src/Illuminate/Http/Middleware/TrustProxies.php(58): Illuminate/Pipeline/Pipeline->Illuminate/Pipeline/{closure}(Object(Illuminate/Http/Request))
#50 C:/xampp/htdocs/retail-pos-full/vendor/laravel/framework/src/Illuminate/Pipeline/Pipeline.php(219): Illuminate/Http/Middleware/TrustProxies->handle(Object(Illuminate/Http/Request), Object(Closure))
#51 C:/xampp/htdocs/retail-pos-full/vendor/laravel/framework/src/Illuminate/Foundation/Http/Middleware/InvokeDeferredCallbacks.php(22): Illuminate/Pipeline/Pipeline->Illuminate/Pipeline/{closure}(Object(Illuminate/Http/Request))
#52 C:/xampp/htdocs/retail-pos-full/vendor/laravel/framework/src/Illuminate/Pipeline/Pipeline.php(219): Illuminate/Foundation/Http/Middleware/InvokeDeferredCallbacks->handle(Object(Illuminate/Http/Request), Object(Closure))
#53 C:/xampp/htdocs/retail-pos-full/vendor/laravel/framework/src/Illuminate/Http/Middleware/ValidatePathEncoding.php(26): Illuminate/Pipeline/Pipeline->Illuminate/Pipeline/{closure}(Object(Illuminate/Http/Request))
#54 C:/xampp/htdocs/retail-pos-full/vendor/laravel/framework/src/Illuminate/Pipeline/Pipeline.php(219): Illuminate/Http/Middleware/ValidatePathEncoding->handle(Object(Illuminate/Http/Request), Object(Closure))
#55 C:/xampp/htdocs/retail-pos-full/vendor/laravel/framework/src/Illuminate/Pipeline/Pipeline.php(137): Illuminate/Pipeline/Pipeline->Illuminate/Pipeline/{closure}(Object(Illuminate/Http/Request))
#56 C:/xampp/htdocs/retail-pos-full/vendor/laravel/framework/src/Illuminate/Foundation/Http/Kernel.php(175): Illuminate/Pipeline/Pipeline->then(Object(Closure))
#57 C:/xampp/htdocs/retail-pos-full/vendor/laravel/framework/src/Illuminate/Foundation/Http/Kernel.php(144): Illuminate/Foundation/Http/Kernel->sendRequestThroughRouter(Object(Illuminate/Http/Request))
#58 C:/xampp/htdocs/retail-pos-full/vendor/laravel/framework/src/Illuminate/Foundation/Application.php(1220): Illuminate/Foundation/Http/Kernel->handle(Object(Illuminate/Http/Request))
#59 C:/xampp/htdocs/retail-pos-full/public/index.php(4): Illuminate/Foundation/Application->handleRequest(Object(Illuminate/Http/Request))
#60 {main}
"} 
[2026-09-24 20:37:09] local.ERROR: Attempt to read property "name" on null (View: C:\xampp\htdocs\retail-pos-full\resources\views\products\barcodes.blade.php) {"userId":1,"exception":"[object] (Illuminate\\View\\ViewException(code: 0): Attempt to read property \"name\" on null (View: C:\\xampp\\htdocs\\retail-pos-full\\resources\\views\\products\\barcodes.blade.php) at C:/xampp/htdocs/retail-pos-full/storage/framework/views/ae383996e58f9ffdc269ac7880ac6ed6.php:4)
[stacktrace]
#0 C:/xampp/htdocs/retail-pos-full/vendor/laravel/framework/src/Illuminate/View/Engines/PhpEngine.php(59): Illuminate/View/Engines/CompilerEngine->handleViewException(Object(ErrorException), 1)
#1 C:/xampp/htdocs/retail-pos-full/vendor/laravel/framework/src/Illuminate/View/Engines/CompilerEngine.php(76): Illuminate/View/Engines/PhpEngine->evaluatePath('C://xampp//htdocs...', Array)
#2 C:/xampp/htdocs/retail-pos-full/vendor/laravel/framework/src/Illuminate/View/View.php(208): Illuminate/View/Engines/CompilerEngine->get('C://xampp//htdocs...', Array)
#3 C:/xampp/htdocs/retail-pos-full/vendor/laravel/framework/src/Illuminate/View/View.php(191): Illuminate/View/View->getContents()
#4 C:/xampp/htdocs/retail-pos-full/vendor/laravel/framework/src/Illuminate/View/View.php(160): Illuminate/View/View->renderContents()
#5 C:/xampp/htdocs/retail-pos-full/vendor/laravel/framework/src/Illuminate/Http/Response.php(78): Illuminate/View/View->render()
#6 C:/xampp/htdocs/retail-pos-full/vendor/laravel/framework/src/Illuminate/Http/Response.php(34): Illuminate/Http/Response->setContent(Object(Illuminate/View/View))
#7 C:/xampp/htdocs/retail-pos-full/vendor/laravel/framework/src/Illuminate/Routing/Router.php(939): Illuminate/Http/Response->__construct(Object(Illuminate/View/View), 200, Array)
#8 C:/xampp/htdocs/retail-pos-full/vendor/laravel/framework/src/Illuminate/Routing/Router.php(906): Illuminate/Routing/Router::toResponse(Object(Illuminate/Http/Request), Object(Illuminate/View/View))
#9 C:/xampp/htdocs/retail-pos-full/vendor/laravel/framework/src/Illuminate/Routing/Router.php(821): Illuminate/Routing/Router->prepareResponse(Object(Illuminate/Http/Request), Object(Illuminate/View/View))
#10 C:/xampp/htdocs/retail-pos-full/vendor/laravel/framework/src/Illuminate/Pipeline/Pipeline.php(180): Illuminate/Routing/Router->Illuminate/Routing/{closure}(Object(Illuminate/Http/Request))
#11 C:/xampp/htdocs/retail-pos-full/vendor/laravel/framework/src/Illuminate/Routing/Middleware/SubstituteBindings.php(50): Illuminate/Pipeline/Pipeline->Illuminate/Pipeline/{closure}(Object(Illuminate/Http/Request))
#12 C:/xampp/htdocs/retail-pos-full/vendor/laravel/framework/src/Illuminate/Pipeline/Pipeline.php(219): Illuminate/Routing/Middleware/SubstituteBindings->handle(Object(Illuminate/Http/Request), Object(Closure))
#13 C:/xampp/htdocs/retail-pos-full/vendor/laravel/framework/src/Illuminate/Auth/Middleware/Authenticate.php(63): Illuminate/Pipeline/Pipeline->Illuminate/Pipeline/{closure}(Object(Illuminate/Http/Request))
#14 C:/xampp/htdocs/retail-pos-full/vendor/laravel/framework/src/Illuminate/Pipeline/Pipeline.php(219): Illuminate/Auth/Middleware/Authenticate->handle(Object(Illuminate/Http/Request), Object(Closure))
#15 C:/xampp/htdocs/retail-pos-full/vendor/laravel/framework/src/Illuminate/Foundation/Http/Middleware/VerifyCsrfToken.php(87): Illuminate/Pipeline/Pipeline->Illuminate/Pipeline/{closure}(Object(Illuminate/Http/Request))
#16 C:/xampp/htdocs/retail-pos-full/vendor/laravel/framework/src/Illuminate/Pipeline/Pipeline.php(219): Illuminate/Foundation/Http/Middleware/VerifyCsrfToken->handle(Object(Illuminate/Http/Request), Object(Closure))
#17 C:/xampp/htdocs/retail-pos-full/vendor/laravel/framework/src/Illuminate/View/Middleware/ShareErrorsFromSession.php(48): Illuminate/Pipeline/Pipeline->Illuminate/Pipeline/{closure}(Object(Illuminate/Http/Request))
#18 C:/xampp/htdocs/retail-pos-full/vendor/laravel/framework/src/Illuminate/Pipeline/Pipeline.php(219): Illuminate/View/Middleware/ShareErrorsFromSession->handle(Object(Illuminate/Http/Request), Object(Closure))
#19 C:/xampp/htdocs/retail-pos-full/vendor/laravel/framework/src/Illuminate/Session/Middleware/StartSession.php(120): Illuminate/Pipeline/Pipeline->Illuminate/Pipeline/{closure}(Object(Illuminate/Http/Request))
#20 C:/xampp/htdocs/retail-pos-full/vendor/laravel/framework/src/Illuminate/Session/Middleware/StartSession.php(63): Illuminate/Session/Middleware/StartSession->handleStatefulRequest(Object(Illuminate/Http/Request), Object(Illuminate/Session/Store), Object(Closure))
#21 C:/xampp/htdocs/retail-pos-full/vendor/laravel/framework/src/Illuminate/Pipeline/Pipeline.php(219): Illuminate/Session/Middleware/StartSession->handle(Object(Illuminate/Http/Request), Object(Closure))
#22 C:/xampp/htdocs/retail-pos-full/vendor/laravel/framework/src/Illuminate/Cookie/Middleware/AddQueuedCookiesToResponse.php(36): Illuminate/Pipeline/Pipeline->Illuminate/Pipeline/{closure}(Object(Illuminate/Http/Request))
#23 C:/xampp/htdocs/retail-pos-full/vendor/laravel/framework/src/Illuminate/Pipeline/Pipeline.php(219): Illuminate/Cookie/Middleware/AddQueuedCookiesToResponse->handle(Object(Illuminate/Http/Request), Object(Closure))
#24 C:/xampp/htdocs/retail-pos-full/vendor/laravel/framework/src/Illuminate/Cookie/Middleware/EncryptCookies.php(74): Illuminate/Pipeline/Pipeline->Illuminate/Pipeline/{closure}(Object(Illuminate/Http/Request))
#25 C:/xampp/htdocs/retail-pos-full/vendor/laravel/framework/src/Illuminate/Pipeline/Pipeline.php(219): Illuminate/Cookie/Middleware/EncryptCookies->handle(Object(Illuminate/Http/Request), Object(Closure))
#26 C:/xampp/htdocs/retail-pos-full/vendor/laravel/framework/src/Illuminate/Pipeline/Pipeline.php(137): Illuminate/Pipeline/Pipeline->Illuminate/Pipeline/{closure}(Object(Illuminate/Http/Request))
#27 C:/xampp/htdocs/retail-pos-full/vendor/laravel/framework/src/Illuminate/Routing/Router.php(821): Illuminate/Pipeline/Pipeline->then(Object(Closure))
#28 C:/xampp/htdocs/retail-pos-full/vendor/laravel/framework/src/Illuminate/Routing/Router.php(800): Illuminate/Routing/Router->runRouteWithinStack(Object(Illuminate/Routing/Route), Object(Illuminate/Http/Request))
#29 C:/xampp/htdocs/retail-pos-full/vendor/laravel/framework/src/Illuminate/Routing/Router.php(764): Illuminate/Routing/Router->runRoute(Object(Illuminate/Http/Request), Object(Illuminate/Routing/Route))
#30 C:/xampp/htdocs/retail-pos-full/vendor/laravel/framework/src/Illuminate/Routing/Router.php(753): Illuminate/Routing/Router->dispatchToRoute(Object(Illuminate/Http/Request))
#31 C:/xampp/htdocs/retail-pos-full/vendor/laravel/framework/src/Illuminate/Foundation/Http/Kernel.php(200): Illuminate/Routing/Router->dispatch(Object(Illuminate/Http/Request))
#32 C:/xampp/htdocs/retail-pos-full/vendor/laravel/framework/src/Illuminate/Pipeline/Pipeline.php(180): Illuminate/Foundation/Http/Kernel->Illuminate/Foundation/Http/{closure}(Object(Illuminate/Http/Request))
#33 C:/xampp/htdocs/retail-pos-full/vendor/laravel/framework/src/Illuminate/Foundation/Http/Middleware/TransformsRequest.php(21): Illuminate/Pipeline/Pipeline->Illuminate/Pipeline/{closure}(Object(Illuminate/Http/Request))
#34 C:/xampp/htdocs/retail-pos-full/vendor/laravel/framework/src/Illuminate/Foundation/Http/Middleware/ConvertEmptyStringsToNull.php(31): Illuminate/Foundation/Http/Middleware/TransformsRequest->handle(Object(Illuminate/Http/Request), Object(Closure))
#35 C:/xampp/htdocs/retail-pos-full/vendor/laravel/framework/src/Illuminate/Pipeline/Pipeline.php(219): Illuminate/Foundation/Http/Middleware/ConvertEmptyStringsToNull->handle(Object(Illuminate/Http/Request), Object(Closure))
#36 C:/xampp/htdocs/retail-pos-full/vendor/laravel/framework/src/Illuminate/Foundation/Http/Middleware/TransformsRequest.php(21): Illuminate/Pipeline/Pipeline->Illuminate/Pipeline/{closure}(Object(Illuminate/Http/Request))
#37 C:/xampp/htdocs/retail-pos-full/vendor/laravel/framework/src/Illuminate/Foundation/Http/Middleware/TrimStrings.php(51): Illuminate/Foundation/Http/Middleware/TransformsRequest->handle(Object(Illuminate/Http/Request), Object(Closure))
#38 C:/xampp/htdocs/retail-pos-full/vendor/laravel/framework/src/Illuminate/Pipeline/Pipeline.php(219): Illuminate/Foundation/Http/Middleware/TrimStrings->handle(Object(Illuminate/Http/Request), Object(Closure))
#39 C:/xampp/htdocs/retail-pos-full/vendor/laravel/framework/src/Illuminate/Http/Middleware/ValidatePostSize.php(27): Illuminate/Pipeline/Pipeline->Illuminate/Pipeline/{closure}(Object(Illuminate/Http/Request))
#40 C:/xampp/htdocs/retail-pos-full/vendor/laravel/framework/src/Illuminate/Pipeline/Pipeline.php(219): Illuminate/Http/Middleware/ValidatePostSize->handle(Object(Illuminate/Http/Request), Object(Closure))
#41 C:/xampp/htdocs/retail-pos-full/vendor/laravel/framework/src/Illuminate/Foundation/Http/Middleware/PreventRequestsDuringMaintenance.php(109): Illuminate/Pipeline/Pipeline->Illuminate/Pipeline/{closure}(Object(Illuminate/Http/Request))
#42 C:/xampp/htdocs/retail-pos-full/vendor/laravel/framework/src/Illuminate/Pipeline/Pipeline.php(219): Illuminate/Foundation/Http/Middleware/PreventRequestsDuringMaintenance->handle(Object(Illuminate/Http/Request), Object(Closure))
#43 C:/xampp/htdocs/retail-pos-full/vendor/laravel/framework/src/Illuminate/Http/Middleware/HandleCors.php(61): Illuminate/Pipeline/Pipeline->Illuminate/Pipeline/{closure}(Object(Illuminate/Http/Request))
#44 C:/xampp/htdocs/retail-pos-full/vendor/laravel/framework/src/Illuminate/Pipeline/Pipeline.php(219): Illuminate/Http/Middleware/HandleCors->handle(Object(Illuminate/Http/Request), Object(Closure))
#45 C:/xampp/htdocs/retail-pos-full/vendor/laravel/framework/src/Illuminate/Http/Middleware/TrustProxies.php(58): Illuminate/Pipeline/Pipeline->Illuminate/Pipeline/{closure}(Object(Illuminate/Http/Request))
#46 C:/xampp/htdocs/retail-pos-full/vendor/laravel/framework/src/Illuminate/Pipeline/Pipeline.php(219): Illuminate/Http/Middleware/TrustProxies->handle(Object(Illuminate/Http/Request), Object(Closure))
#47 C:/xampp/htdocs/retail-pos-full/vendor/laravel/framework/src/Illuminate/Foundation/Http/Middleware/InvokeDeferredCallbacks.php(22): Illuminate/Pipeline/Pipeline->Illuminate/Pipeline/{closure}(Object(Illuminate/Http/Request))
#48 C:/xampp/htdocs/retail-pos-full/vendor/laravel/framework/src/Illuminate/Pipeline/Pipeline.php(219): Illuminate/Foundation/Http/Middleware/InvokeDeferredCallbacks->handle(Object(Illuminate/Http/Request), Object(Closure))
#49 C:/xampp/htdocs/retail-pos-full/vendor/laravel/framework/src/Illuminate/Http/Middleware/ValidatePathEncoding.php(26): Illuminate/Pipeline/Pipeline->Illuminate/Pipeline/{closure}(Object(Illuminate/Http/Request))
#50 C:/xampp/htdocs/retail-pos-full/vendor/laravel/framework/src/Illuminate/Pipeline/Pipeline.php(219): Illuminate/Http/Middleware/ValidatePathEncoding->handle(Object(Illuminate/Http/Request), Object(Closure))
#51 C:/xampp/htdocs/retail-pos-full/vendor/laravel/framework/src/Illuminate/Pipeline/Pipeline.php(137): Illuminate/Pipeline/Pipeline->Illuminate/Pipeline/{closure}(Object(Illuminate/Http/Request))
#52 C:/xampp/htdocs/retail-pos-full/vendor/laravel/framework/src/Illuminate/Foundation/Http/Kernel.php(175): Illuminate/Pipeline/Pipeline->then(Object(Closure))
#53 C:/xampp/htdocs/retail-pos-full/vendor/laravel/framework/src/Illuminate/Foundation/Http/Kernel.php(144): Illuminate/Foundation/Http/Kernel->sendRequestThroughRouter(Object(Illuminate/Http/Request))
#54 C:/xampp/htdocs/retail-pos-full/vendor/laravel/framework/src/Illuminate/Foundation/Application.php(1220): Illuminate/Foundation/Http/Kernel->handle(Object(Illuminate/Http/Request))
#55 C:/xampp/htdocs/retail-pos-full/public/index.php(4): Illuminate/Foundation/Application->handleRequest(Object(Illuminate/Http/Request))
#56 {main}

[previous exception] [object] (ErrorException(code: 0): Attempt to read property \"name\" on null at C:/xampp/htdocs/retail-pos-full/storage/framework/views/ae383996e58f9ffdc269ac7880ac6ed6.php:4)
[stacktrace]
#0 C:/xampp/htdocs/retail-pos-full/vendor/laravel/framework/src/Illuminate/Foundation/Bootstrap/HandleExceptions.php(262): Illuminate/Foundation/Bootstrap/HandleExceptions->handleError(2, 'Attempt to read...', 'C://xampp//htdocs...', 4)
#1 C:/xampp/htdocs/retail-pos-full/storage/framework/views/ae383996e58f9ffdc269ac7880ac6ed6.php(4): Illuminate/Foundation/Bootstrap/HandleExceptions->Illuminate/Foundation/Bootstrap/{closure}(2, 'Attempt to read...', 'C://xampp//htdocs...', 4)
#2 C:/xampp/htdocs/retail-pos-full/vendor/laravel/framework/src/Illuminate/Filesystem/Filesystem.php(123): require('C://xampp//htdocs...')
#3 C:/xampp/htdocs/retail-pos-full/vendor/laravel/framework/src/Illuminate/Filesystem/Filesystem.php(124): Illuminate/Filesystem/Filesystem::Illuminate/Filesystem/{closure}()
#4 C:/xampp/htdocs/retail-pos-full/vendor/laravel/framework/src/Illuminate/View/Engines/PhpEngine.php(57): Illuminate/Filesystem/Filesystem->getRequire('C://xampp//htdocs...', Array)
#5 C:/xampp/htdocs/retail-pos-full/vendor/laravel/framework/src/Illuminate/View/Engines/CompilerEngine.php(76): Illuminate/View/Engines/PhpEngine->evaluatePath('C://xampp//htdocs...', Array)
#6 C:/xampp/htdocs/retail-pos-full/vendor/laravel/framework/src/Illuminate/View/View.php(208): Illuminate/View/Engines/CompilerEngine->get('C://xampp//htdocs...', Array)
#7 C:/xampp/htdocs/retail-pos-full/vendor/laravel/framework/src/Illuminate/View/View.php(191): Illuminate/View/View->getContents()
#8 C:/xampp/htdocs/retail-pos-full/vendor/laravel/framework/src/Illuminate/View/View.php(160): Illuminate/View/View->renderContents()
#9 C:/xampp/htdocs/retail-pos-full/vendor/laravel/framework/src/Illuminate/Http/Response.php(78): Illuminate/View/View->render()
#10 C:/xampp/htdocs/retail-pos-full/vendor/laravel/framework/src/Illuminate/Http/Response.php(34): Illuminate/Http/Response->setContent(Object(Illuminate/View/View))
#11 C:/xampp/htdocs/retail-pos-full/vendor/laravel/framework/src/Illuminate/Routing/Router.php(939): Illuminate/Http/Response->__construct(Object(Illuminate/View/View), 200, Array)
#12 C:/xampp/htdocs/retail-pos-full/vendor/laravel/framework/src/Illuminate/Routing/Router.php(906): Illuminate/Routing/Router::toResponse(Object(Illuminate/Http/Request), Object(Illuminate/View/View))
#13 C:/xampp/htdocs/retail-pos-full/vendor/laravel/framework/src/Illuminate/Routing/Router.php(821): Illuminate/Routing/Router->prepareResponse(Object(Illuminate/Http/Request), Object(Illuminate/View/View))
#14 C:/xampp/htdocs/retail-pos-full/vendor/laravel/framework/src/Illuminate/Pipeline/Pipeline.php(180): Illuminate/Routing/Router->Illuminate/Routing/{closure}(Object(Illuminate/Http/Request))
#15 C:/xampp/htdocs/retail-pos-full/vendor/laravel/framework/src/Illuminate/Routing/Middleware/SubstituteBindings.php(50): Illuminate/Pipeline/Pipeline->Illuminate/Pipeline/{closure}(Object(Illuminate/Http/Request))
#16 C:/xampp/htdocs/retail-pos-full/vendor/laravel/framework/src/Illuminate/Pipeline/Pipeline.php(219): Illuminate/Routing/Middleware/SubstituteBindings->handle(Object(Illuminate/Http/Request), Object(Closure))
#17 C:/xampp/htdocs/retail-pos-full/vendor/laravel/framework/src/Illuminate/Auth/Middleware/Authenticate.php(63): Illuminate/Pipeline/Pipeline->Illuminate/Pipeline/{closure}(Object(Illuminate/Http/Request))
#18 C:/xampp/htdocs/retail-pos-full/vendor/laravel/framework/src/Illuminate/Pipeline/Pipeline.php(219): Illuminate/Auth/Middleware/Authenticate->handle(Object(Illuminate/Http/Request), Object(Closure))
#19 C:/xampp/htdocs/retail-pos-full/vendor/laravel/framework/src/Illuminate/Foundation/Http/Middleware/VerifyCsrfToken.php(87): Illuminate/Pipeline/Pipeline->Illuminate/Pipeline/{closure}(Object(Illuminate/Http/Request))
#20 C:/xampp/htdocs/retail-pos-full/vendor/laravel/framework/src/Illuminate/Pipeline/Pipeline.php(219): Illuminate/Foundation/Http/Middleware/VerifyCsrfToken->handle(Object(Illuminate/Http/Request), Object(Closure))
#21 C:/xampp/htdocs/retail-pos-full/vendor/laravel/framework/src/Illuminate/View/Middleware/ShareErrorsFromSession.php(48): Illuminate/Pipeline/Pipeline->Illuminate/Pipeline/{closure}(Object(Illuminate/Http/Request))
#22 C:/xampp/htdocs/retail-pos-full/vendor/laravel/framework/src/Illuminate/Pipeline/Pipeline.php(219): Illuminate/View/Middleware/ShareErrorsFromSession->handle(Object(Illuminate/Http/Request), Object(Closure))
#23 C:/xampp/htdocs/retail-pos-full/vendor/laravel/framework/src/Illuminate/Session/Middleware/StartSession.php(120): Illuminate/Pipeline/Pipeline->Illuminate/Pipeline/{closure}(Object(Illuminate/Http/Request))
#24 C:/xampp/htdocs/retail-pos-full/vendor/laravel/framework/src/Illuminate/Session/Middleware/StartSession.php(63): Illuminate/Session/Middleware/StartSession->handleStatefulRequest(Object(Illuminate/Http/Request), Object(Illuminate/Session/Store), Object(Closure))
#25 C:/xampp/htdocs/retail-pos-full/vendor/laravel/framework/src/Illuminate/Pipeline/Pipeline.php(219): Illuminate/Session/Middleware/StartSession->handle(Object(Illuminate/Http/Request), Object(Closure))
#26 C:/xampp/htdocs/retail-pos-full/vendor/laravel/framework/src/Illuminate/Cookie/Middleware/AddQueuedCookiesToResponse.php(36): Illuminate/Pipeline/Pipeline->Illuminate/Pipeline/{closure}(Object(Illuminate/Http/Request))
#27 C:/xampp/htdocs/retail-pos-full/vendor/laravel/framework/src/Illuminate/Pipeline/Pipeline.php(219): Illuminate/Cookie/Middleware/AddQueuedCookiesToResponse->handle(Object(Illuminate/Http/Request), Object(Closure))
#28 C:/xampp/htdocs/retail-pos-full/vendor/laravel/framework/src/Illuminate/Cookie/Middleware/EncryptCookies.php(74): Illuminate/Pipeline/Pipeline->Illuminate/Pipeline/{closure}(Object(Illuminate/Http/Request))
#29 C:/xampp/htdocs/retail-pos-full/vendor/laravel/framework/src/Illuminate/Pipeline/Pipeline.php(219): Illuminate/Cookie/Middleware/EncryptCookies->handle(Object(Illuminate/Http/Request), Object(Closure))
#30 C:/xampp/htdocs/retail-pos-full/vendor/laravel/framework/src/Illuminate/Pipeline/Pipeline.php(137): Illuminate/Pipeline/Pipeline->Illuminate/Pipeline/{closure}(Object(Illuminate/Http/Request))
#31 C:/xampp/htdocs/retail-pos-full/vendor/laravel/framework/src/Illuminate/Routing/Router.php(821): Illuminate/Pipeline/Pipeline->then(Object(Closure))
#32 C:/xampp/htdocs/retail-pos-full/vendor/laravel/framework/src/Illuminate/Routing/Router.php(800): Illuminate/Routing/Router->runRouteWithinStack(Object(Illuminate/Routing/Route), Object(Illuminate/Http/Request))
#33 C:/xampp/htdocs/retail-pos-full/vendor/laravel/framework/src/Illuminate/Routing/Router.php(764): Illuminate/Routing/Router->runRoute(Object(Illuminate/Http/Request), Object(Illuminate/Routing/Route))
#34 C:/xampp/htdocs/retail-pos-full/vendor/laravel/framework/src/Illuminate/Routing/Router.php(753): Illuminate/Routing/Router->dispatchToRoute(Object(Illuminate/Http/Request))
#35 C:/xampp/htdocs/retail-pos-full/vendor/laravel/framework/src/Illuminate/Foundation/Http/Kernel.php(200): Illuminate/Routing/Router->dispatch(Object(Illuminate/Http/Request))
#36 C:/xampp/htdocs/retail-pos-full/vendor/laravel/framework/src/Illuminate/Pipeline/Pipeline.php(180): Illuminate/Foundation/Http/Kernel->Illuminate/Foundation/Http/{closure}(Object(Illuminate/Http/Request))
#37 C:/xampp/htdocs/retail-pos-full/vendor/laravel/framework/src/Illuminate/Foundation/Http/Middleware/TransformsRequest.php(21): Illuminate/Pipeline/Pipeline->Illuminate/Pipeline/{closure}(Object(Illuminate/Http/Request))
#38 C:/xampp/htdocs/retail-pos-full/vendor/laravel/framework/src/Illuminate/Foundation/Http/Middleware/ConvertEmptyStringsToNull.php(31): Illuminate/Foundation/Http/Middleware/TransformsRequest->handle(Object(Illuminate/Http/Request), Object(Closure))
#39 C:/xampp/htdocs/retail-pos-full/vendor/laravel/framework/src/Illuminate/Pipeline/Pipeline.php(219): Illuminate/Foundation/Http/Middleware/ConvertEmptyStringsToNull->handle(Object(Illuminate/Http/Request), Object(Closure))
#40 C:/xampp/htdocs/retail-pos-full/vendor/laravel/framework/src/Illuminate/Foundation/Http/Middleware/TransformsRequest.php(21): Illuminate/Pipeline/Pipeline->Illuminate/Pipeline/{closure}(Object(Illuminate/Http/Request))
#41 C:/xampp/htdocs/retail-pos-full/vendor/laravel/framework/src/Illuminate/Foundation/Http/Middleware/TrimStrings.php(51): Illuminate/Foundation/Http/Middleware/TransformsRequest->handle(Object(Illuminate/Http/Request), Object(Closure))
#42 C:/xampp/htdocs/retail-pos-full/vendor/laravel/framework/src/Illuminate/Pipeline/Pipeline.php(219): Illuminate/Foundation/Http/Middleware/TrimStrings->handle(Object(Illuminate/Http/Request), Object(Closure))
#43 C:/xampp/htdocs/retail-pos-full/vendor/laravel/framework/src/Illuminate/Http/Middleware/ValidatePostSize.php(27): Illuminate/Pipeline/Pipeline->Illuminate/Pipeline/{closure}(Object(Illuminate/Http/Request))
#44 C:/xampp/htdocs/retail-pos-full/vendor/laravel/framework/src/Illuminate/Pipeline/Pipeline.php(219): Illuminate/Http/Middleware/ValidatePostSize->handle(Object(Illuminate/Http/Request), Object(Closure))
#45 C:/xampp/htdocs/retail-pos-full/vendor/laravel/framework/src/Illuminate/Foundation/Http/Middleware/PreventRequestsDuringMaintenance.php(109): Illuminate/Pipeline/Pipeline->Illuminate/Pipeline/{closure}(Object(Illuminate/Http/Request))
#46 C:/xampp/htdocs/retail-pos-full/vendor/laravel/framework/src/Illuminate/Pipeline/Pipeline.php(219): Illuminate/Foundation/Http/Middleware/PreventRequestsDuringMaintenance->handle(Object(Illuminate/Http/Request), Object(Closure))
#47 C:/xampp/htdocs/retail-pos-full/vendor/laravel/framework/src/Illuminate/Http/Middleware/HandleCors.php(61): Illuminate/Pipeline/Pipeline->Illuminate/Pipeline/{closure}(Object(Illuminate/Http/Request))
#48 C:/xampp/htdocs/retail-pos-full/vendor/laravel/framework/src/Illuminate/Pipeline/Pipeline.php(219): Illuminate/Http/Middleware/HandleCors->handle(Object(Illuminate/Http/Request), Object(Closure))
#49 C:/xampp/htdocs/retail-pos-full/vendor/laravel/framework/src/Illuminate/Http/Middleware/TrustProxies.php(58): Illuminate/Pipeline/Pipeline->Illuminate/Pipeline/{closure}(Object(Illuminate/Http/Request))
#50 C:/xampp/htdocs/retail-pos-full/vendor/laravel/framework/src/Illuminate/Pipeline/Pipeline.php(219): Illuminate/Http/Middleware/TrustProxies->handle(Object(Illuminate/Http/Request), Object(Closure))
#51 C:/xampp/htdocs/retail-pos-full/vendor/laravel/framework/src/Illuminate/Foundation/Http/Middleware/InvokeDeferredCallbacks.php(22): Illuminate/Pipeline/Pipeline->Illuminate/Pipeline/{closure}(Object(Illuminate/Http/Request))
#52 C:/xampp/htdocs/retail-pos-full/vendor/laravel/framework/src/Illuminate/Pipeline/Pipeline.php(219): Illuminate/Foundation/Http/Middleware/InvokeDeferredCallbacks->handle(Object(Illuminate/Http/Request), Object(Closure))
#53 C:/xampp/htdocs/retail-pos-full/vendor/laravel/framework/src/Illuminate/Http/Middleware/ValidatePathEncoding.php(26): Illuminate/Pipeline/Pipeline->Illuminate/Pipeline/{closure}(Object(Illuminate/Http/Request))
#54 C:/xampp/htdocs/retail-pos-full/vendor/laravel/framework/src/Illuminate/Pipeline/Pipeline.php(219): Illuminate/Http/Middleware/ValidatePathEncoding->handle(Object(Illuminate/Http/Request), Object(Closure))
#55 C:/xampp/htdocs/retail-pos-full/vendor/laravel/framework/src/Illuminate/Pipeline/Pipeline.php(137): Illuminate/Pipeline/Pipeline->Illuminate/Pipeline/{closure}(Object(Illuminate/Http/Request))
#56 C:/xampp/htdocs/retail-pos-full/vendor/laravel/framework/src/Illuminate/Foundation/Http/Kernel.php(175): Illuminate/Pipeline/Pipeline->then(Object(Closure))
#57 C:/xampp/htdocs/retail-pos-full/vendor/laravel/framework/src/Illuminate/Foundation/Http/Kernel.php(144): Illuminate/Foundation/Http/Kernel->sendRequestThroughRouter(Object(Illuminate/Http/Request))
#58 C:/xampp/htdocs/retail-pos-full/vendor/laravel/framework/src/Illuminate/Foundation/Application.php(1220): Illuminate/Foundation/Http/Kernel->handle(Object(Illuminate/Http/Request))
#59 C:/xampp/htdocs/retail-pos-full/public/index.php(4): Illuminate/Foundation/Application->handleRequest(Object(Illuminate/Http/Request))
#60 {main}
"} 
